alert_id,customer_id,alert_date,reason,status
1,369,2024-01-01,Structuring,OPEN
2,3373,2024-01-02,Rapid Transfers,ESCALATED
3,3085,2024-01-03,Structuring,CLOSED
4,552,2024-01-04,High Cash Deposit,OPEN
5,225,2024-01-05,Rapid Transfers,CLOSED
6,2158,2024-01-06,Structuring,OPEN
7,1126,2024-01-07,Rapid Transfers,ESCALATED
8,1362,2024-01-08,Rapid Transfers,OPEN
9,4557,2024-01-09,Rapid Transfers,CLOSED
10,1986,2024-01-10,High Cash Deposit,OPEN
11,925,2024-01-11,Structuring,CLOSED
12,303,2024-01-12,Structuring,ESCALATED
13,4756,2024-01-13,High Cash Deposit,CLOSED
14,2122,2024-01-14,Rapid Transfers,OPEN
15,3830,2024-01-15,Structuring,OPEN
16,2283,2024-01-16,High Cash Deposit,CLOSED
17,1300,2024-01-17,High Cash Deposit,OPEN
18,1661,2024-01-18,Rapid Transfers,OPEN
19,3224,2024-01-19,High Cash Deposit,CLOSED
20,1688,2024-01-20,Structuring,OPEN
21,2483,2024-01-21,Rapid Transfers,ESCALATED
22,3105,2024-01-22,High Cash Deposit,CLOSED
23,471,2024-01-23,Structuring,CLOSED
24,693,2024-01-24,Rapid Transfers,CLOSED
25,1477,2024-01-25,Rapid Transfers,OPEN
26,2475,2024-01-26,Structuring,CLOSED
27,4820,2024-01-27,Structuring,ESCALATED
28,1851,2024-01-28,High Cash Deposit,ESCALATED
29,2408,2024-01-29,High Cash Deposit,OPEN
30,4928,2024-01-30,Rapid Transfers,CLOSED
31,3926,2024-01-31,High Cash Deposit,ESCALATED
32,4481,2024-02-01,Structuring,ESCALATED
33,2056,2024-02-02,Rapid Transfers,ESCALATED
34,335,2024-02-03,Structuring,CLOSED
35,985,2024-02-04,High Cash Deposit,OPEN
36,4824,2024-02-05,Rapid Transfers,CLOSED
37,1914,2024-02-06,Rapid Transfers,CLOSED
38,43,2024-02-07,Rapid Transfers,ESCALATED
39,3933,2024-02-08,Rapid Transfers,ESCALATED
40,4449,2024-02-09,Structuring,CLOSED
41,4598,2024-02-10,Rapid Transfers,CLOSED
42,4653,2024-02-11,High Cash Deposit,CLOSED
43,3832,2024-02-12,High Cash Deposit,OPEN
44,2106,2024-02-13,Rapid Transfers,ESCALATED
45,1596,2024-02-14,Structuring,OPEN
46,283,2024-02-15,High Cash Deposit,OPEN
47,4359,2024-02-16,Rapid Transfers,CLOSED
48,4726,2024-02-17,Rapid Transfers,OPEN
49,2144,2024-02-18,High Cash Deposit,ESCALATED
50,2928,2024-02-19,Rapid Transfers,ESCALATED
51,321,2024-02-20,High Cash Deposit,CLOSED
52,4589,2024-02-21,High Cash Deposit,OPEN
53,2503,2024-02-22,High Cash Deposit,OPEN
54,3022,2024-02-23,Structuring,CLOSED
55,3258,2024-02-24,Rapid Transfers,OPEN
56,533,2024-02-25,Rapid Transfers,CLOSED
57,1444,2024-02-26,Rapid Transfers,OPEN
58,4901,2024-02-27,High Cash Deposit,ESCALATED
59,300,2024-02-28,High Cash Deposit,OPEN
60,1692,2024-02-29,Rapid Transfers,OPEN
61,2218,2024-03-01,High Cash Deposit,CLOSED
62,3857,2024-03-02,Structuring,CLOSED
63,2711,2024-03-03,Rapid Transfers,ESCALATED
64,879,2024-03-04,Structuring,CLOSED
65,4034,2024-03-05,High Cash Deposit,OPEN
66,2170,2024-03-06,High Cash Deposit,CLOSED
67,824,2024-03-07,Structuring,OPEN
68,149,2024-03-08,Structuring,CLOSED
69,4222,2024-03-09,Structuring,OPEN
70,1665,2024-03-10,High Cash Deposit,OPEN
71,3719,2024-03-11,Structuring,OPEN
72,190,2024-03-12,High Cash Deposit,ESCALATED
73,1809,2024-03-13,High Cash Deposit,ESCALATED
74,4483,2024-03-14,Rapid Transfers,CLOSED
75,3408,2024-03-15,Structuring,CLOSED
76,2175,2024-03-16,Rapid Transfers,CLOSED
77,3726,2024-03-17,High Cash Deposit,ESCALATED
78,958,2024-03-18,High Cash Deposit,OPEN
79,148,2024-03-19,Structuring,OPEN
80,4631,2024-03-20,Structuring,CLOSED
81,3111,2024-03-21,Structuring,CLOSED
82,1392,2024-03-22,Rapid Transfers,OPEN
83,1608,2024-03-23,High Cash Deposit,CLOSED
84,1459,2024-03-24,High Cash Deposit,ESCALATED
85,1494,2024-03-25,High Cash Deposit,ESCALATED
86,4927,2024-03-26,Structuring,ESCALATED
87,4373,2024-03-27,Structuring,CLOSED
88,2073,2024-03-28,Rapid Transfers,OPEN
89,2687,2024-03-29,High Cash Deposit,ESCALATED
90,116,2024-03-30,High Cash Deposit,OPEN
91,4894,2024-03-31,Structuring,OPEN
92,2387,2024-04-01,High Cash Deposit,ESCALATED
93,688,2024-04-02,Structuring,CLOSED
94,4167,2024-04-03,Structuring,OPEN
95,1474,2024-04-04,High Cash Deposit,CLOSED
96,3851,2024-04-05,High Cash Deposit,CLOSED
97,3829,2024-04-06,Rapid Transfers,OPEN
98,2273,2024-04-07,High Cash Deposit,CLOSED
99,4396,2024-04-08,Structuring,OPEN
100,1851,2024-04-09,High Cash Deposit,ESCALATED
101,2837,2024-04-10,High Cash Deposit,CLOSED
102,2467,2024-04-11,High Cash Deposit,OPEN
103,335,2024-04-12,Rapid Transfers,OPEN
104,257,2024-04-13,High Cash Deposit,OPEN
105,1393,2024-04-14,Structuring,CLOSED
106,3632,2024-04-15,High Cash Deposit,OPEN
107,2366,2024-04-16,Structuring,CLOSED
108,4002,2024-04-17,Structuring,CLOSED
109,2018,2024-04-18,Structuring,OPEN
110,507,2024-04-19,Structuring,CLOSED
111,3569,2024-04-20,Rapid Transfers,OPEN
112,1251,2024-04-21,High Cash Deposit,OPEN
113,1602,2024-04-22,High Cash Deposit,OPEN
114,4381,2024-04-23,High Cash Deposit,OPEN
115,3107,2024-04-24,Structuring,CLOSED
116,1277,2024-04-25,High Cash Deposit,CLOSED
117,373,2024-04-26,High Cash Deposit,CLOSED
118,1597,2024-04-27,High Cash Deposit,OPEN
119,2100,2024-04-28,Structuring,ESCALATED
120,4426,2024-04-29,Structuring,ESCALATED
121,2946,2024-04-30,Structuring,CLOSED
122,1483,2024-05-01,High Cash Deposit,CLOSED
123,1604,2024-05-02,Rapid Transfers,OPEN
124,1238,2024-05-03,Structuring,ESCALATED
125,1686,2024-05-04,Rapid Transfers,OPEN
126,4448,2024-05-05,Rapid Transfers,CLOSED
127,1683,2024-05-06,Structuring,ESCALATED
128,4227,2024-05-07,High Cash Deposit,CLOSED
129,1753,2024-05-08,Structuring,OPEN
130,3106,2024-05-09,Rapid Transfers,CLOSED
131,3614,2024-05-10,Structuring,OPEN
132,4779,2024-05-11,High Cash Deposit,CLOSED
133,1088,2024-05-12,Structuring,ESCALATED
134,1370,2024-05-13,High Cash Deposit,ESCALATED
135,3387,2024-05-14,Rapid Transfers,CLOSED
136,2535,2024-05-15,Structuring,OPEN
137,4075,2024-05-16,High Cash Deposit,CLOSED
138,615,2024-05-17,Rapid Transfers,ESCALATED
139,4927,2024-05-18,High Cash Deposit,OPEN
140,642,2024-05-19,Structuring,OPEN
141,4317,2024-05-20,High Cash Deposit,ESCALATED
142,1349,2024-05-21,Structuring,ESCALATED
143,866,2024-05-22,Structuring,CLOSED
144,2378,2024-05-23,Rapid Transfers,ESCALATED
145,1672,2024-05-24,Structuring,ESCALATED
146,2797,2024-05-25,Structuring,ESCALATED
147,2120,2024-05-26,High Cash Deposit,OPEN
148,3462,2024-05-27,Structuring,OPEN
149,1204,2024-05-28,Rapid Transfers,CLOSED
150,3277,2024-05-29,Rapid Transfers,ESCALATED
151,1337,2024-05-30,Rapid Transfers,OPEN
152,1493,2024-05-31,Rapid Transfers,OPEN
153,4980,2024-06-01,Rapid Transfers,ESCALATED
154,694,2024-06-02,Structuring,CLOSED
155,3830,2024-06-03,Structuring,CLOSED
156,2136,2024-06-04,High Cash Deposit,ESCALATED
157,3959,2024-06-05,High Cash Deposit,CLOSED
158,2109,2024-06-06,Rapid Transfers,OPEN
159,223,2024-06-07,Rapid Transfers,ESCALATED
160,48,2024-06-08,Rapid Transfers,CLOSED
161,3050,2024-06-09,Structuring,ESCALATED
162,3729,2024-06-10,Structuring,OPEN
163,1277,2024-06-11,High Cash Deposit,ESCALATED
164,1077,2024-06-12,Structuring,ESCALATED
165,2293,2024-06-13,Structuring,OPEN
166,1040,2024-06-14,Structuring,OPEN
167,2778,2024-06-15,High Cash Deposit,OPEN
168,4364,2024-06-16,Structuring,ESCALATED
169,1690,2024-06-17,High Cash Deposit,CLOSED
170,2690,2024-06-18,High Cash Deposit,OPEN
171,3554,2024-06-19,Rapid Transfers,ESCALATED
172,4079,2024-06-20,Structuring,OPEN
173,4836,2024-06-21,Rapid Transfers,CLOSED
174,1832,2024-06-22,Structuring,OPEN
175,2000,2024-06-23,High Cash Deposit,CLOSED
176,1010,2024-06-24,Rapid Transfers,CLOSED
177,2363,2024-06-25,High Cash Deposit,ESCALATED
178,4790,2024-06-26,High Cash Deposit,OPEN
179,4939,2024-06-27,High Cash Deposit,OPEN
180,1294,2024-06-28,Structuring,ESCALATED
181,783,2024-06-29,Structuring,OPEN
182,1985,2024-06-30,Rapid Transfers,ESCALATED
183,3559,2024-07-01,Structuring,CLOSED
184,2640,2024-07-02,Structuring,OPEN
185,2934,2024-07-03,Structuring,CLOSED
186,3016,2024-07-04,Structuring,OPEN
187,155,2024-07-05,Structuring,OPEN
188,4380,2024-07-06,Rapid Transfers,ESCALATED
189,99,2024-07-07,Structuring,ESCALATED
190,535,2024-07-08,Structuring,ESCALATED
191,759,2024-07-09,High Cash Deposit,ESCALATED
192,995,2024-07-10,Rapid Transfers,OPEN
193,3057,2024-07-11,Structuring,ESCALATED
194,1916,2024-07-12,Rapid Transfers,OPEN
195,432,2024-07-13,High Cash Deposit,OPEN
196,3655,2024-07-14,High Cash Deposit,ESCALATED
197,873,2024-07-15,Rapid Transfers,CLOSED
198,548,2024-07-16,High Cash Deposit,OPEN
199,4181,2024-07-17,Rapid Transfers,CLOSED
200,2914,2024-07-18,Structuring,OPEN
201,3802,2024-07-19,Structuring,CLOSED
202,1638,2024-07-20,Structuring,CLOSED
203,1749,2024-07-21,Structuring,CLOSED
204,2774,2024-07-22,High Cash Deposit,CLOSED
205,4030,2024-07-23,High Cash Deposit,OPEN
206,3645,2024-07-24,High Cash Deposit,CLOSED
207,1750,2024-07-25,High Cash Deposit,ESCALATED
208,4491,2024-07-26,Structuring,CLOSED
209,1363,2024-07-27,High Cash Deposit,CLOSED
210,3605,2024-07-28,Rapid Transfers,OPEN
211,465,2024-07-29,High Cash Deposit,ESCALATED
212,4279,2024-07-30,High Cash Deposit,ESCALATED
213,820,2024-07-31,Rapid Transfers,CLOSED
214,4775,2024-08-01,Structuring,CLOSED
215,1920,2024-08-02,Structuring,CLOSED
216,909,2024-08-03,Structuring,OPEN
217,2539,2024-08-04,Structuring,ESCALATED
218,2460,2024-08-05,Rapid Transfers,ESCALATED
219,4057,2024-08-06,Rapid Transfers,ESCALATED
220,641,2024-08-07,Rapid Transfers,ESCALATED
221,2914,2024-08-08,Structuring,ESCALATED
222,3185,2024-08-09,Structuring,OPEN
223,931,2024-08-10,High Cash Deposit,CLOSED
224,398,2024-08-11,Structuring,CLOSED
225,3586,2024-08-12,Structuring,CLOSED
226,4244,2024-08-13,High Cash Deposit,CLOSED
227,4950,2024-08-14,Structuring,CLOSED
228,3770,2024-08-15,Rapid Transfers,OPEN
229,2587,2024-08-16,Structuring,ESCALATED
230,2946,2024-08-17,Structuring,ESCALATED
231,3698,2024-08-18,Structuring,ESCALATED
232,637,2024-08-19,High Cash Deposit,CLOSED
233,2344,2024-08-20,High Cash Deposit,ESCALATED
234,1638,2024-08-21,Structuring,OPEN
235,861,2024-08-22,High Cash Deposit,CLOSED
236,4097,2024-08-23,Rapid Transfers,ESCALATED
237,4403,2024-08-24,High Cash Deposit,CLOSED
238,2827,2024-08-25,Rapid Transfers,CLOSED
239,4959,2024-08-26,High Cash Deposit,ESCALATED
240,1220,2024-08-27,High Cash Deposit,OPEN
241,3150,2024-08-28,Structuring,ESCALATED
242,3038,2024-08-29,High Cash Deposit,ESCALATED
243,4623,2024-08-30,Rapid Transfers,ESCALATED
244,3375,2024-08-31,Rapid Transfers,OPEN
245,1234,2024-09-01,Rapid Transfers,ESCALATED
246,3538,2024-09-02,Structuring,OPEN
247,4403,2024-09-03,Structuring,ESCALATED
248,1979,2024-09-04,Rapid Transfers,ESCALATED
249,4450,2024-09-05,Structuring,CLOSED
250,1982,2024-09-06,High Cash Deposit,OPEN
251,24,2024-09-07,Rapid Transfers,OPEN
252,4699,2024-09-08,High Cash Deposit,ESCALATED
253,4567,2024-09-09,High Cash Deposit,OPEN
254,219,2024-09-10,Structuring,ESCALATED
255,2379,2024-09-11,Rapid Transfers,CLOSED
256,4090,2024-09-12,High Cash Deposit,OPEN
257,1822,2024-09-13,Rapid Transfers,CLOSED
258,745,2024-09-14,Rapid Transfers,OPEN
259,4755,2024-09-15,Rapid Transfers,ESCALATED
260,4041,2024-09-16,Rapid Transfers,ESCALATED
261,1208,2024-09-17,High Cash Deposit,OPEN
262,4351,2024-09-18,Structuring,CLOSED
263,3558,2024-09-19,Rapid Transfers,OPEN
264,1190,2024-09-20,Structuring,CLOSED
265,4904,2024-09-21,Structuring,OPEN
266,4412,2024-09-22,Rapid Transfers,OPEN
267,2634,2024-09-23,High Cash Deposit,OPEN
268,2625,2024-09-24,Rapid Transfers,CLOSED
269,4767,2024-09-25,Structuring,ESCALATED
270,2223,2024-09-26,High Cash Deposit,CLOSED
271,2027,2024-09-27,Structuring,OPEN
272,2060,2024-09-28,Structuring,ESCALATED
273,1683,2024-09-29,Rapid Transfers,OPEN
274,3146,2024-09-30,High Cash Deposit,CLOSED
275,4985,2024-10-01,High Cash Deposit,CLOSED
276,4330,2024-10-02,High Cash Deposit,ESCALATED
277,3178,2024-10-03,High Cash Deposit,OPEN
278,1497,2024-10-04,High Cash Deposit,OPEN
279,1134,2024-10-05,Structuring,OPEN
280,1468,2024-10-06,High Cash Deposit,ESCALATED
281,4884,2024-10-07,Rapid Transfers,OPEN
282,3502,2024-10-08,High Cash Deposit,CLOSED
283,1423,2024-10-09,Rapid Transfers,ESCALATED
284,3041,2024-10-10,High Cash Deposit,CLOSED
285,4966,2024-10-11,Structuring,OPEN
286,1884,2024-10-12,High Cash Deposit,CLOSED
287,2030,2024-10-13,Structuring,ESCALATED
288,4329,2024-10-14,Structuring,OPEN
289,216,2024-10-15,Rapid Transfers,ESCALATED
290,2282,2024-10-16,Rapid Transfers,ESCALATED
291,329,2024-10-17,Structuring,ESCALATED
292,2026,2024-10-18,High Cash Deposit,OPEN
293,1629,2024-10-19,High Cash Deposit,ESCALATED
294,3044,2024-10-20,Structuring,CLOSED
295,2062,2024-10-21,Structuring,OPEN
296,4554,2024-10-22,Rapid Transfers,OPEN
297,3838,2024-10-23,High Cash Deposit,CLOSED
298,1252,2024-10-24,Structuring,OPEN
299,4915,2024-10-25,Rapid Transfers,CLOSED
300,292,2024-10-26,High Cash Deposit,ESCALATED
301,4961,2024-10-27,Rapid Transfers,CLOSED
302,2891,2024-10-28,Rapid Transfers,CLOSED
303,1510,2024-10-29,Rapid Transfers,CLOSED
304,2922,2024-10-30,Structuring,OPEN
305,3810,2024-10-31,Structuring,CLOSED
306,3535,2024-11-01,Structuring,CLOSED
307,4550,2024-11-02,High Cash Deposit,CLOSED
308,3144,2024-11-03,Rapid Transfers,ESCALATED
309,1795,2024-11-04,Rapid Transfers,OPEN
310,479,2024-11-05,High Cash Deposit,CLOSED
311,919,2024-11-06,High Cash Deposit,CLOSED
312,3226,2024-11-07,Rapid Transfers,CLOSED
313,2263,2024-11-08,Structuring,OPEN
314,4805,2024-11-09,Structuring,CLOSED
315,2740,2024-11-10,Structuring,CLOSED
316,877,2024-11-11,High Cash Deposit,ESCALATED
317,1952,2024-11-12,Structuring,CLOSED
318,4730,2024-11-13,Structuring,OPEN
319,3804,2024-11-14,High Cash Deposit,ESCALATED
320,3909,2024-11-15,Rapid Transfers,OPEN
321,1341,2024-11-16,High Cash Deposit,CLOSED
322,306,2024-11-17,High Cash Deposit,OPEN
323,2161,2024-11-18,Structuring,CLOSED
324,3320,2024-11-19,Structuring,CLOSED
325,2908,2024-11-20,High Cash Deposit,CLOSED
326,4371,2024-11-21,High Cash Deposit,OPEN
327,2073,2024-11-22,Rapid Transfers,CLOSED
328,4686,2024-11-23,High Cash Deposit,ESCALATED
329,884,2024-11-24,Structuring,OPEN
330,4997,2024-11-25,Rapid Transfers,OPEN
331,2857,2024-11-26,Structuring,OPEN
332,3381,2024-11-27,High Cash Deposit,CLOSED
333,3153,2024-11-28,High Cash Deposit,OPEN
334,2294,2024-11-29,High Cash Deposit,OPEN
335,3786,2024-11-30,Structuring,CLOSED
336,2418,2024-12-01,High Cash Deposit,ESCALATED
337,1232,2024-12-02,Rapid Transfers,CLOSED
338,2094,2024-12-03,Structuring,CLOSED
339,2169,2024-12-04,Structuring,CLOSED
340,1667,2024-12-05,High Cash Deposit,OPEN
341,372,2024-12-06,High Cash Deposit,ESCALATED
342,4013,2024-12-07,Structuring,ESCALATED
343,955,2024-12-08,Structuring,ESCALATED
344,3816,2024-12-09,High Cash Deposit,OPEN
345,4123,2024-12-10,Structuring,CLOSED
346,3167,2024-12-11,High Cash Deposit,OPEN
347,2260,2024-12-12,Structuring,ESCALATED
348,4153,2024-12-13,Rapid Transfers,ESCALATED
349,4942,2024-12-14,Structuring,ESCALATED
350,3269,2024-12-15,Structuring,CLOSED
351,967,2024-12-16,Structuring,CLOSED
352,2965,2024-12-17,Structuring,CLOSED
353,2297,2024-12-18,Structuring,ESCALATED
354,607,2024-12-19,Rapid Transfers,ESCALATED
355,860,2024-12-20,Structuring,ESCALATED
356,1476,2024-12-21,Structuring,OPEN
357,3575,2024-12-22,Rapid Transfers,ESCALATED
358,1468,2024-12-23,High Cash Deposit,OPEN
359,3422,2024-12-24,Structuring,CLOSED
360,3326,2024-12-25,Rapid Transfers,CLOSED
361,1616,2024-12-26,Rapid Transfers,CLOSED
362,1638,2024-12-27,High Cash Deposit,OPEN
363,1144,2024-12-28,Rapid Transfers,OPEN
364,2705,2024-12-29,Structuring,ESCALATED
365,3936,2024-12-30,High Cash Deposit,ESCALATED
366,2179,2024-12-31,Structuring,OPEN
367,427,2025-01-01,Structuring,CLOSED
368,3993,2025-01-02,Structuring,CLOSED
369,4785,2025-01-03,Rapid Transfers,CLOSED
370,1989,2025-01-04,High Cash Deposit,OPEN
371,2431,2025-01-05,Structuring,CLOSED
372,2879,2025-01-06,Structuring,OPEN
373,2708,2025-01-07,Structuring,CLOSED
374,4117,2025-01-08,High Cash Deposit,CLOSED
375,4997,2025-01-09,High Cash Deposit,OPEN
376,1324,2025-01-10,High Cash Deposit,OPEN
377,136,2025-01-11,Structuring,OPEN
378,2863,2025-01-12,Structuring,CLOSED
379,4524,2025-01-13,Structuring,ESCALATED
380,2665,2025-01-14,Structuring,CLOSED
381,2532,2025-01-15,Rapid Transfers,OPEN
382,58,2025-01-16,High Cash Deposit,OPEN
383,3587,2025-01-17,Rapid Transfers,ESCALATED
384,4003,2025-01-18,High Cash Deposit,OPEN
385,3582,2025-01-19,Rapid Transfers,OPEN
386,317,2025-01-20,High Cash Deposit,CLOSED
387,4411,2025-01-21,High Cash Deposit,CLOSED
388,2062,2025-01-22,Structuring,OPEN
389,3370,2025-01-23,Structuring,OPEN
390,478,2025-01-24,Structuring,CLOSED
391,1600,2025-01-25,High Cash Deposit,ESCALATED
392,4200,2025-01-26,High Cash Deposit,ESCALATED
393,3524,2025-01-27,High Cash Deposit,OPEN
394,3396,2025-01-28,Structuring,OPEN
395,2971,2025-01-29,Rapid Transfers,ESCALATED
396,1585,2025-01-30,Structuring,OPEN
397,2813,2025-01-31,Rapid Transfers,OPEN
398,2777,2025-02-01,Structuring,CLOSED
399,2007,2025-02-02,High Cash Deposit,CLOSED
400,1503,2025-02-03,Structuring,CLOSED
401,2224,2025-02-04,Rapid Transfers,ESCALATED
402,1981,2025-02-05,Rapid Transfers,CLOSED
403,1586,2025-02-06,Rapid Transfers,OPEN
404,2950,2025-02-07,Structuring,OPEN
405,1385,2025-02-08,High Cash Deposit,OPEN
406,3368,2025-02-09,Rapid Transfers,CLOSED
407,3576,2025-02-10,Structuring,CLOSED
408,315,2025-02-11,Rapid Transfers,ESCALATED
409,4147,2025-02-12,High Cash Deposit,ESCALATED
410,1425,2025-02-13,Rapid Transfers,ESCALATED
411,872,2025-02-14,Structuring,CLOSED
412,4431,2025-02-15,Structuring,CLOSED
413,4443,2025-02-16,Structuring,ESCALATED
414,1306,2025-02-17,Structuring,OPEN
415,950,2025-02-18,Rapid Transfers,CLOSED
416,3803,2025-02-19,Structuring,ESCALATED
417,4300,2025-02-20,High Cash Deposit,ESCALATED
418,60,2025-02-21,High Cash Deposit,CLOSED
419,4800,2025-02-22,High Cash Deposit,ESCALATED
420,2959,2025-02-23,Structuring,OPEN
421,4611,2025-02-24,High Cash Deposit,ESCALATED
422,2222,2025-02-25,Rapid Transfers,CLOSED
423,2935,2025-02-26,High Cash Deposit,ESCALATED
424,4982,2025-02-27,Rapid Transfers,ESCALATED
425,4530,2025-02-28,Structuring,ESCALATED
426,1018,2025-03-01,High Cash Deposit,ESCALATED
427,2672,2025-03-02,Structuring,ESCALATED
428,3117,2025-03-03,Structuring,OPEN
429,1192,2025-03-04,High Cash Deposit,OPEN
430,4325,2025-03-05,Rapid Transfers,ESCALATED
431,3629,2025-03-06,High Cash Deposit,CLOSED
432,354,2025-03-07,High Cash Deposit,OPEN
433,1794,2025-03-08,Structuring,ESCALATED
434,3198,2025-03-09,Structuring,ESCALATED
435,878,2025-03-10,Rapid Transfers,CLOSED
436,3365,2025-03-11,High Cash Deposit,CLOSED
437,286,2025-03-12,Rapid Transfers,OPEN
438,3640,2025-03-13,Rapid Transfers,ESCALATED
439,451,2025-03-14,Rapid Transfers,ESCALATED
440,1707,2025-03-15,Structuring,OPEN
441,4216,2025-03-16,Structuring,ESCALATED
442,1948,2025-03-17,Structuring,ESCALATED
443,1729,2025-03-18,Structuring,OPEN
444,46,2025-03-19,Rapid Transfers,CLOSED
445,2174,2025-03-20,High Cash Deposit,OPEN
446,3825,2025-03-21,Rapid Transfers,ESCALATED
447,4201,2025-03-22,Rapid Transfers,OPEN
448,2658,2025-03-23,Structuring,CLOSED
449,629,2025-03-24,High Cash Deposit,CLOSED
450,2749,2025-03-25,Structuring,CLOSED
451,3263,2025-03-26,High Cash Deposit,ESCALATED
452,134,2025-03-27,Rapid Transfers,OPEN
453,266,2025-03-28,Rapid Transfers,OPEN
454,90,2025-03-29,High Cash Deposit,ESCALATED
455,2694,2025-03-30,High Cash Deposit,CLOSED
456,3718,2025-03-31,High Cash Deposit,CLOSED
457,4743,2025-04-01,Rapid Transfers,OPEN
458,4037,2025-04-02,Rapid Transfers,CLOSED
459,2131,2025-04-03,Rapid Transfers,ESCALATED
460,501,2025-04-04,Structuring,OPEN
461,4666,2025-04-05,Structuring,ESCALATED
462,1172,2025-04-06,Structuring,CLOSED
463,528,2025-04-07,Structuring,ESCALATED
464,4946,2025-04-08,High Cash Deposit,CLOSED
465,869,2025-04-09,Structuring,OPEN
466,1642,2025-04-10,Structuring,ESCALATED
467,842,2025-04-11,Rapid Transfers,ESCALATED
468,1592,2025-04-12,High Cash Deposit,OPEN
469,2732,2025-04-13,Structuring,OPEN
470,4576,2025-04-14,High Cash Deposit,CLOSED
471,1487,2025-04-15,High Cash Deposit,CLOSED
472,2590,2025-04-16,Rapid Transfers,ESCALATED
473,4580,2025-04-17,Rapid Transfers,OPEN
474,2336,2025-04-18,Structuring,OPEN
475,4482,2025-04-19,Rapid Transfers,OPEN
476,2458,2025-04-20,Rapid Transfers,CLOSED
477,262,2025-04-21,Rapid Transfers,CLOSED
478,1690,2025-04-22,Structuring,ESCALATED
479,721,2025-04-23,Structuring,CLOSED
480,1652,2025-04-24,Structuring,ESCALATED
481,2771,2025-04-25,Structuring,OPEN
482,4382,2025-04-26,High Cash Deposit,CLOSED
483,2534,2025-04-27,Rapid Transfers,CLOSED
484,4422,2025-04-28,Structuring,ESCALATED
485,3010,2025-04-29,High Cash Deposit,CLOSED
486,3019,2025-04-30,Rapid Transfers,OPEN
487,3458,2025-05-01,High Cash Deposit,OPEN
488,2826,2025-05-02,Structuring,OPEN
489,1052,2025-05-03,Rapid Transfers,OPEN
490,1937,2025-05-04,Rapid Transfers,ESCALATED
491,344,2025-05-05,Structuring,ESCALATED
492,190,2025-05-06,Rapid Transfers,ESCALATED
493,3484,2025-05-07,Structuring,OPEN
494,4489,2025-05-08,High Cash Deposit,CLOSED
495,1122,2025-05-09,Structuring,OPEN
496,4714,2025-05-10,Rapid Transfers,CLOSED
497,1270,2025-05-11,Structuring,ESCALATED
498,2908,2025-05-12,Structuring,CLOSED
499,3481,2025-05-13,Rapid Transfers,OPEN
500,2329,2025-05-14,Rapid Transfers,ESCALATED
