event_id,customer_id,event_type,event_date
1,2309,KYC_VERIFIED,2024-01-01
2,1468,KYC_VERIFIED,2024-01-02
3,4533,KYC_SUBMITTED,2024-01-03
4,4484,KYC_VERIFIED,2024-01-04
5,4480,KYC_SUBMITTED,2024-01-05
6,2259,KYC_VERIFIED,2024-01-06
7,3937,KYC_SUBMITTED,2024-01-07
8,3511,KYC_SUBMITTED,2024-01-08
9,3171,KYC_SUBMITTED,2024-01-09
10,622,KYC_VERIFIED,2024-01-10
11,4708,KYC_SUBMITTED,2024-01-11
12,2570,KYC_SUBMITTED,2024-01-12
13,64,KYC_SUBMITTED,2024-01-13
14,4926,KYC_VERIFIED,2024-01-14
15,2462,KYC_VERIFIED,2024-01-15
16,2893,KYC_SUBMITTED,2024-01-16
17,4403,KYC_SUBMITTED,2024-01-17
18,1989,KYC_SUBMITTED,2024-01-18
19,3153,KYC_VERIFIED,2024-01-19
20,1669,KYC_VERIFIED,2024-01-20
21,3894,KYC_VERIFIED,2024-01-21
22,1686,KYC_SUBMITTED,2024-01-22
23,4020,KYC_SUBMITTED,2024-01-23
24,4422,KYC_VERIFIED,2024-01-24
25,3254,KYC_VERIFIED,2024-01-25
26,2699,KYC_VERIFIED,2024-01-26
27,69,KYC_VERIFIED,2024-01-27
28,630,KYC_VERIFIED,2024-01-28
29,2416,KYC_VERIFIED,2024-01-29
30,3765,KYC_SUBMITTED,2024-01-30
31,2643,KYC_VERIFIED,2024-01-31
32,824,KYC_SUBMITTED,2024-02-01
33,493,KYC_SUBMITTED,2024-02-02
34,3824,KYC_VERIFIED,2024-02-03
35,4050,KYC_SUBMITTED,2024-02-04
36,3498,KYC_VERIFIED,2024-02-05
37,4355,KYC_VERIFIED,2024-02-06
38,3533,KYC_SUBMITTED,2024-02-07
39,827,KYC_SUBMITTED,2024-02-08
40,4976,KYC_SUBMITTED,2024-02-09
41,1506,KYC_VERIFIED,2024-02-10
42,4247,KYC_VERIFIED,2024-02-11
43,3908,KYC_VERIFIED,2024-02-12
44,95,KYC_VERIFIED,2024-02-13
45,2664,KYC_VERIFIED,2024-02-14
46,1635,KYC_SUBMITTED,2024-02-15
47,4344,KYC_VERIFIED,2024-02-16
48,3766,KYC_VERIFIED,2024-02-17
49,1129,KYC_SUBMITTED,2024-02-18
50,3644,KYC_VERIFIED,2024-02-19
51,4614,KYC_VERIFIED,2024-02-20
52,4161,KYC_VERIFIED,2024-02-21
53,1218,KYC_VERIFIED,2024-02-22
54,4990,KYC_SUBMITTED,2024-02-23
55,3380,KYC_VERIFIED,2024-02-24
56,4499,KYC_SUBMITTED,2024-02-25
57,3534,KYC_SUBMITTED,2024-02-26
58,1471,KYC_VERIFIED,2024-02-27
59,4119,KYC_SUBMITTED,2024-02-28
60,1976,KYC_VERIFIED,2024-02-29
61,370,KYC_VERIFIED,2024-03-01
62,713,KYC_SUBMITTED,2024-03-02
63,2019,KYC_VERIFIED,2024-03-03
64,3104,KYC_VERIFIED,2024-03-04
65,970,KYC_VERIFIED,2024-03-05
66,1454,KYC_VERIFIED,2024-03-06
67,1308,KYC_VERIFIED,2024-03-07
68,635,KYC_VERIFIED,2024-03-08
69,2956,KYC_VERIFIED,2024-03-09
70,4418,KYC_VERIFIED,2024-03-10
71,4015,KYC_VERIFIED,2024-03-11
72,251,KYC_SUBMITTED,2024-03-12
73,3221,KYC_SUBMITTED,2024-03-13
74,2053,KYC_VERIFIED,2024-03-14
75,3942,KYC_VERIFIED,2024-03-15
76,1165,KYC_VERIFIED,2024-03-16
77,4628,KYC_VERIFIED,2024-03-17
78,1680,KYC_VERIFIED,2024-03-18
79,3651,KYC_SUBMITTED,2024-03-19
80,1642,KYC_SUBMITTED,2024-03-20
81,977,KYC_SUBMITTED,2024-03-21
82,4925,KYC_SUBMITTED,2024-03-22
83,835,KYC_SUBMITTED,2024-03-23
84,2857,KYC_VERIFIED,2024-03-24
85,4142,KYC_VERIFIED,2024-03-25
86,1720,KYC_VERIFIED,2024-03-26
87,4913,KYC_VERIFIED,2024-03-27
88,839,KYC_SUBMITTED,2024-03-28
89,1245,KYC_VERIFIED,2024-03-29
90,4370,KYC_VERIFIED,2024-03-30
91,4570,KYC_VERIFIED,2024-03-31
92,3403,KYC_VERIFIED,2024-04-01
93,4216,KYC_VERIFIED,2024-04-02
94,3039,KYC_VERIFIED,2024-04-03
95,333,KYC_VERIFIED,2024-04-04
96,1670,KYC_VERIFIED,2024-04-05
97,1987,KYC_SUBMITTED,2024-04-06
98,4642,KYC_VERIFIED,2024-04-07
99,3192,KYC_VERIFIED,2024-04-08
100,2258,KYC_SUBMITTED,2024-04-09
101,1068,KYC_SUBMITTED,2024-04-10
102,1404,KYC_SUBMITTED,2024-04-11
103,742,KYC_SUBMITTED,2024-04-12
104,1428,KYC_SUBMITTED,2024-04-13
105,1489,KYC_SUBMITTED,2024-04-14
106,3435,KYC_SUBMITTED,2024-04-15
107,2651,KYC_SUBMITTED,2024-04-16
108,775,KYC_VERIFIED,2024-04-17
109,4402,KYC_SUBMITTED,2024-04-18
110,625,KYC_VERIFIED,2024-04-19
111,880,KYC_SUBMITTED,2024-04-20
112,4573,KYC_VERIFIED,2024-04-21
113,3215,KYC_VERIFIED,2024-04-22
114,3659,KYC_VERIFIED,2024-04-23
115,3055,KYC_SUBMITTED,2024-04-24
116,4396,KYC_VERIFIED,2024-04-25
117,3358,KYC_SUBMITTED,2024-04-26
118,2069,KYC_SUBMITTED,2024-04-27
119,3133,KYC_SUBMITTED,2024-04-28
120,1711,KYC_SUBMITTED,2024-04-29
121,67,KYC_SUBMITTED,2024-04-30
122,1754,KYC_SUBMITTED,2024-05-01
123,1862,KYC_SUBMITTED,2024-05-02
124,1889,KYC_SUBMITTED,2024-05-03
125,3419,KYC_VERIFIED,2024-05-04
126,2410,KYC_SUBMITTED,2024-05-05
127,4634,KYC_SUBMITTED,2024-05-06
128,1836,KYC_VERIFIED,2024-05-07
129,1049,KYC_VERIFIED,2024-05-08
130,4536,KYC_SUBMITTED,2024-05-09
131,3535,KYC_SUBMITTED,2024-05-10
132,4128,KYC_VERIFIED,2024-05-11
133,1979,KYC_SUBMITTED,2024-05-12
134,3992,KYC_SUBMITTED,2024-05-13
135,1469,KYC_SUBMITTED,2024-05-14
136,3627,KYC_SUBMITTED,2024-05-15
137,667,KYC_VERIFIED,2024-05-16
138,3544,KYC_VERIFIED,2024-05-17
139,2733,KYC_SUBMITTED,2024-05-18
140,466,KYC_VERIFIED,2024-05-19
141,888,KYC_SUBMITTED,2024-05-20
142,3911,KYC_SUBMITTED,2024-05-21
143,3030,KYC_VERIFIED,2024-05-22
144,2196,KYC_SUBMITTED,2024-05-23
145,1312,KYC_VERIFIED,2024-05-24
146,4002,KYC_VERIFIED,2024-05-25
147,194,KYC_VERIFIED,2024-05-26
148,3319,KYC_VERIFIED,2024-05-27
149,4887,KYC_VERIFIED,2024-05-28
150,3452,KYC_VERIFIED,2024-05-29
151,4702,KYC_VERIFIED,2024-05-30
152,2223,KYC_VERIFIED,2024-05-31
153,162,KYC_VERIFIED,2024-06-01
154,67,KYC_SUBMITTED,2024-06-02
155,348,KYC_SUBMITTED,2024-06-03
156,3231,KYC_VERIFIED,2024-06-04
157,4475,KYC_VERIFIED,2024-06-05
158,4585,KYC_SUBMITTED,2024-06-06
159,3517,KYC_SUBMITTED,2024-06-07
160,4686,KYC_VERIFIED,2024-06-08
161,1126,KYC_SUBMITTED,2024-06-09
162,785,KYC_SUBMITTED,2024-06-10
163,4658,KYC_SUBMITTED,2024-06-11
164,3153,KYC_SUBMITTED,2024-06-12
165,800,KYC_VERIFIED,2024-06-13
166,4731,KYC_SUBMITTED,2024-06-14
167,1314,KYC_VERIFIED,2024-06-15
168,1637,KYC_VERIFIED,2024-06-16
169,278,KYC_VERIFIED,2024-06-17
170,3067,KYC_VERIFIED,2024-06-18
171,2424,KYC_VERIFIED,2024-06-19
172,4544,KYC_VERIFIED,2024-06-20
173,2122,KYC_VERIFIED,2024-06-21
174,3141,KYC_SUBMITTED,2024-06-22
175,2164,KYC_SUBMITTED,2024-06-23
176,3080,KYC_SUBMITTED,2024-06-24
177,116,KYC_VERIFIED,2024-06-25
178,3760,KYC_VERIFIED,2024-06-26
179,4410,KYC_SUBMITTED,2024-06-27
180,3408,KYC_SUBMITTED,2024-06-28
181,4162,KYC_SUBMITTED,2024-06-29
182,256,KYC_VERIFIED,2024-06-30
183,1339,KYC_SUBMITTED,2024-07-01
184,2177,KYC_SUBMITTED,2024-07-02
185,3278,KYC_VERIFIED,2024-07-03
186,1215,KYC_SUBMITTED,2024-07-04
187,1569,KYC_SUBMITTED,2024-07-05
188,3277,KYC_VERIFIED,2024-07-06
189,2463,KYC_SUBMITTED,2024-07-07
190,1025,KYC_VERIFIED,2024-07-08
191,3899,KYC_VERIFIED,2024-07-09
192,4478,KYC_SUBMITTED,2024-07-10
193,54,KYC_VERIFIED,2024-07-11
194,719,KYC_SUBMITTED,2024-07-12
195,4010,KYC_VERIFIED,2024-07-13
196,1872,KYC_SUBMITTED,2024-07-14
197,528,KYC_SUBMITTED,2024-07-15
198,1971,KYC_VERIFIED,2024-07-16
199,2617,KYC_SUBMITTED,2024-07-17
200,2678,KYC_VERIFIED,2024-07-18
201,480,KYC_SUBMITTED,2024-07-19
202,115,KYC_VERIFIED,2024-07-20
203,2933,KYC_VERIFIED,2024-07-21
204,438,KYC_SUBMITTED,2024-07-22
205,15,KYC_SUBMITTED,2024-07-23
206,2964,KYC_SUBMITTED,2024-07-24
207,4374,KYC_SUBMITTED,2024-07-25
208,1562,KYC_SUBMITTED,2024-07-26
209,3390,KYC_VERIFIED,2024-07-27
210,4358,KYC_VERIFIED,2024-07-28
211,2269,KYC_VERIFIED,2024-07-29
212,4572,KYC_SUBMITTED,2024-07-30
213,270,KYC_SUBMITTED,2024-07-31
214,1032,KYC_SUBMITTED,2024-08-01
215,3147,KYC_SUBMITTED,2024-08-02
216,2482,KYC_VERIFIED,2024-08-03
217,4129,KYC_SUBMITTED,2024-08-04
218,2342,KYC_VERIFIED,2024-08-05
219,3327,KYC_SUBMITTED,2024-08-06
220,742,KYC_VERIFIED,2024-08-07
221,4614,KYC_SUBMITTED,2024-08-08
222,4231,KYC_SUBMITTED,2024-08-09
223,2833,KYC_SUBMITTED,2024-08-10
224,2845,KYC_SUBMITTED,2024-08-11
225,3041,KYC_SUBMITTED,2024-08-12
226,982,KYC_VERIFIED,2024-08-13
227,1478,KYC_SUBMITTED,2024-08-14
228,3395,KYC_VERIFIED,2024-08-15
229,4164,KYC_SUBMITTED,2024-08-16
230,1436,KYC_SUBMITTED,2024-08-17
231,4658,KYC_VERIFIED,2024-08-18
232,248,KYC_VERIFIED,2024-08-19
233,3051,KYC_SUBMITTED,2024-08-20
234,1025,KYC_VERIFIED,2024-08-21
235,3838,KYC_VERIFIED,2024-08-22
236,625,KYC_SUBMITTED,2024-08-23
237,2429,KYC_SUBMITTED,2024-08-24
238,809,KYC_SUBMITTED,2024-08-25
239,920,KYC_SUBMITTED,2024-08-26
240,2181,KYC_SUBMITTED,2024-08-27
241,3471,KYC_VERIFIED,2024-08-28
242,1711,KYC_VERIFIED,2024-08-29
243,3386,KYC_SUBMITTED,2024-08-30
244,587,KYC_SUBMITTED,2024-08-31
245,2355,KYC_SUBMITTED,2024-09-01
246,4137,KYC_VERIFIED,2024-09-02
247,1311,KYC_SUBMITTED,2024-09-03
248,3947,KYC_SUBMITTED,2024-09-04
249,4048,KYC_SUBMITTED,2024-09-05
250,2067,KYC_SUBMITTED,2024-09-06
251,1287,KYC_VERIFIED,2024-09-07
252,4836,KYC_SUBMITTED,2024-09-08
253,4152,KYC_VERIFIED,2024-09-09
254,3024,KYC_VERIFIED,2024-09-10
255,3466,KYC_VERIFIED,2024-09-11
256,296,KYC_VERIFIED,2024-09-12
257,1627,KYC_SUBMITTED,2024-09-13
258,2834,KYC_SUBMITTED,2024-09-14
259,140,KYC_SUBMITTED,2024-09-15
260,979,KYC_VERIFIED,2024-09-16
261,4048,KYC_VERIFIED,2024-09-17
262,981,KYC_SUBMITTED,2024-09-18
263,2089,KYC_SUBMITTED,2024-09-19
264,3479,KYC_SUBMITTED,2024-09-20
265,1757,KYC_VERIFIED,2024-09-21
266,4000,KYC_VERIFIED,2024-09-22
267,1220,KYC_SUBMITTED,2024-09-23
268,4420,KYC_SUBMITTED,2024-09-24
269,1290,KYC_VERIFIED,2024-09-25
270,407,KYC_SUBMITTED,2024-09-26
271,3812,KYC_VERIFIED,2024-09-27
272,635,KYC_SUBMITTED,2024-09-28
273,2965,KYC_VERIFIED,2024-09-29
274,3901,KYC_SUBMITTED,2024-09-30
275,503,KYC_VERIFIED,2024-10-01
276,458,KYC_VERIFIED,2024-10-02
277,1671,KYC_VERIFIED,2024-10-03
278,1774,KYC_VERIFIED,2024-10-04
279,479,KYC_VERIFIED,2024-10-05
280,2777,KYC_SUBMITTED,2024-10-06
281,4670,KYC_SUBMITTED,2024-10-07
282,4561,KYC_VERIFIED,2024-10-08
283,4845,KYC_SUBMITTED,2024-10-09
284,4907,KYC_SUBMITTED,2024-10-10
285,451,KYC_VERIFIED,2024-10-11
286,83,KYC_SUBMITTED,2024-10-12
287,182,KYC_VERIFIED,2024-10-13
288,3638,KYC_VERIFIED,2024-10-14
289,1854,KYC_VERIFIED,2024-10-15
290,3869,KYC_VERIFIED,2024-10-16
291,896,KYC_VERIFIED,2024-10-17
292,3790,KYC_SUBMITTED,2024-10-18
293,593,KYC_VERIFIED,2024-10-19
294,794,KYC_SUBMITTED,2024-10-20
295,1616,KYC_SUBMITTED,2024-10-21
296,1732,KYC_SUBMITTED,2024-10-22
297,2961,KYC_SUBMITTED,2024-10-23
298,25,KYC_SUBMITTED,2024-10-24
299,3021,KYC_SUBMITTED,2024-10-25
300,2037,KYC_VERIFIED,2024-10-26
301,755,KYC_VERIFIED,2024-10-27
302,939,KYC_VERIFIED,2024-10-28
303,4179,KYC_SUBMITTED,2024-10-29
304,3228,KYC_VERIFIED,2024-10-30
305,1773,KYC_VERIFIED,2024-10-31
306,3392,KYC_VERIFIED,2024-11-01
307,449,KYC_SUBMITTED,2024-11-02
308,665,KYC_SUBMITTED,2024-11-03
309,369,KYC_SUBMITTED,2024-11-04
310,3073,KYC_SUBMITTED,2024-11-05
311,4461,KYC_VERIFIED,2024-11-06
312,4384,KYC_SUBMITTED,2024-11-07
313,2945,KYC_SUBMITTED,2024-11-08
314,3690,KYC_SUBMITTED,2024-11-09
315,506,KYC_SUBMITTED,2024-11-10
316,3012,KYC_VERIFIED,2024-11-11
317,3545,KYC_SUBMITTED,2024-11-12
318,2362,KYC_VERIFIED,2024-11-13
319,3712,KYC_SUBMITTED,2024-11-14
320,1993,KYC_SUBMITTED,2024-11-15
321,3254,KYC_VERIFIED,2024-11-16
322,2432,KYC_VERIFIED,2024-11-17
323,3926,KYC_SUBMITTED,2024-11-18
324,4019,KYC_SUBMITTED,2024-11-19
325,2775,KYC_SUBMITTED,2024-11-20
326,4317,KYC_SUBMITTED,2024-11-21
327,2873,KYC_SUBMITTED,2024-11-22
328,3328,KYC_VERIFIED,2024-11-23
329,502,KYC_VERIFIED,2024-11-24
330,4748,KYC_VERIFIED,2024-11-25
331,1189,KYC_SUBMITTED,2024-11-26
332,4141,KYC_SUBMITTED,2024-11-27
333,2744,KYC_VERIFIED,2024-11-28
334,2848,KYC_SUBMITTED,2024-11-29
335,3088,KYC_SUBMITTED,2024-11-30
336,4615,KYC_VERIFIED,2024-12-01
337,1814,KYC_SUBMITTED,2024-12-02
338,3336,KYC_VERIFIED,2024-12-03
339,91,KYC_VERIFIED,2024-12-04
340,3267,KYC_VERIFIED,2024-12-05
341,398,KYC_SUBMITTED,2024-12-06
342,4551,KYC_VERIFIED,2024-12-07
343,1551,KYC_SUBMITTED,2024-12-08
344,936,KYC_SUBMITTED,2024-12-09
345,2311,KYC_SUBMITTED,2024-12-10
346,4927,KYC_SUBMITTED,2024-12-11
347,5,KYC_VERIFIED,2024-12-12
348,1874,KYC_SUBMITTED,2024-12-13
349,1100,KYC_VERIFIED,2024-12-14
350,1509,KYC_VERIFIED,2024-12-15
351,4184,KYC_SUBMITTED,2024-12-16
352,2474,KYC_VERIFIED,2024-12-17
353,973,KYC_VERIFIED,2024-12-18
354,3420,KYC_SUBMITTED,2024-12-19
355,1474,KYC_VERIFIED,2024-12-20
356,971,KYC_SUBMITTED,2024-12-21
357,342,KYC_SUBMITTED,2024-12-22
358,968,KYC_SUBMITTED,2024-12-23
359,2712,KYC_VERIFIED,2024-12-24
360,3880,KYC_SUBMITTED,2024-12-25
361,1775,KYC_SUBMITTED,2024-12-26
362,1422,KYC_VERIFIED,2024-12-27
363,456,KYC_VERIFIED,2024-12-28
364,4293,KYC_VERIFIED,2024-12-29
365,4144,KYC_SUBMITTED,2024-12-30
366,2466,KYC_VERIFIED,2024-12-31
367,4549,KYC_VERIFIED,2025-01-01
368,4690,KYC_VERIFIED,2025-01-02
369,1808,KYC_SUBMITTED,2025-01-03
370,3045,KYC_SUBMITTED,2025-01-04
371,2595,KYC_SUBMITTED,2025-01-05
372,4819,KYC_SUBMITTED,2025-01-06
373,4891,KYC_SUBMITTED,2025-01-07
374,1715,KYC_SUBMITTED,2025-01-08
375,1544,KYC_VERIFIED,2025-01-09
376,1674,KYC_VERIFIED,2025-01-10
377,73,KYC_VERIFIED,2025-01-11
378,317,KYC_VERIFIED,2025-01-12
379,3485,KYC_VERIFIED,2025-01-13
380,1012,KYC_SUBMITTED,2025-01-14
381,2915,KYC_SUBMITTED,2025-01-15
382,758,KYC_VERIFIED,2025-01-16
383,63,KYC_SUBMITTED,2025-01-17
384,350,KYC_SUBMITTED,2025-01-18
385,2800,KYC_VERIFIED,2025-01-19
386,1537,KYC_SUBMITTED,2025-01-20
387,2790,KYC_SUBMITTED,2025-01-21
388,4737,KYC_SUBMITTED,2025-01-22
389,1549,KYC_VERIFIED,2025-01-23
390,2971,KYC_SUBMITTED,2025-01-24
391,1287,KYC_VERIFIED,2025-01-25
392,489,KYC_SUBMITTED,2025-01-26
393,3061,KYC_SUBMITTED,2025-01-27
394,764,KYC_VERIFIED,2025-01-28
395,2934,KYC_VERIFIED,2025-01-29
396,2486,KYC_VERIFIED,2025-01-30
397,3536,KYC_VERIFIED,2025-01-31
398,1181,KYC_VERIFIED,2025-02-01
399,3995,KYC_VERIFIED,2025-02-02
400,4443,KYC_SUBMITTED,2025-02-03
401,816,KYC_VERIFIED,2025-02-04
402,1966,KYC_SUBMITTED,2025-02-05
403,1092,KYC_SUBMITTED,2025-02-06
404,1182,KYC_SUBMITTED,2025-02-07
405,961,KYC_SUBMITTED,2025-02-08
406,4071,KYC_SUBMITTED,2025-02-09
407,1251,KYC_SUBMITTED,2025-02-10
408,4902,KYC_SUBMITTED,2025-02-11
409,12,KYC_VERIFIED,2025-02-12
410,4874,KYC_VERIFIED,2025-02-13
411,1579,KYC_SUBMITTED,2025-02-14
412,4430,KYC_VERIFIED,2025-02-15
413,1645,KYC_VERIFIED,2025-02-16
414,4276,KYC_VERIFIED,2025-02-17
415,1873,KYC_VERIFIED,2025-02-18
416,285,KYC_SUBMITTED,2025-02-19
417,4041,KYC_VERIFIED,2025-02-20
418,1163,KYC_SUBMITTED,2025-02-21
419,2497,KYC_SUBMITTED,2025-02-22
420,1689,KYC_SUBMITTED,2025-02-23
421,4625,KYC_SUBMITTED,2025-02-24
422,1913,KYC_SUBMITTED,2025-02-25
423,4422,KYC_VERIFIED,2025-02-26
424,4991,KYC_VERIFIED,2025-02-27
425,4580,KYC_VERIFIED,2025-02-28
426,533,KYC_SUBMITTED,2025-03-01
427,2808,KYC_VERIFIED,2025-03-02
428,2600,KYC_SUBMITTED,2025-03-03
429,3008,KYC_SUBMITTED,2025-03-04
430,4317,KYC_VERIFIED,2025-03-05
431,1303,KYC_SUBMITTED,2025-03-06
432,1654,KYC_VERIFIED,2025-03-07
433,1854,KYC_SUBMITTED,2025-03-08
434,268,KYC_VERIFIED,2025-03-09
435,4051,KYC_VERIFIED,2025-03-10
436,2029,KYC_VERIFIED,2025-03-11
437,256,KYC_VERIFIED,2025-03-12
438,164,KYC_VERIFIED,2025-03-13
439,3164,KYC_VERIFIED,2025-03-14
440,285,KYC_SUBMITTED,2025-03-15
441,1243,KYC_VERIFIED,2025-03-16
442,1907,KYC_VERIFIED,2025-03-17
443,3107,KYC_SUBMITTED,2025-03-18
444,1818,KYC_SUBMITTED,2025-03-19
445,1155,KYC_SUBMITTED,2025-03-20
446,2350,KYC_SUBMITTED,2025-03-21
447,1185,KYC_VERIFIED,2025-03-22
448,2778,KYC_SUBMITTED,2025-03-23
449,3035,KYC_VERIFIED,2025-03-24
450,2459,KYC_SUBMITTED,2025-03-25
451,1297,KYC_SUBMITTED,2025-03-26
452,1297,KYC_SUBMITTED,2025-03-27
453,4347,KYC_VERIFIED,2025-03-28
454,2661,KYC_SUBMITTED,2025-03-29
455,70,KYC_VERIFIED,2025-03-30
456,3408,KYC_SUBMITTED,2025-03-31
457,3640,KYC_SUBMITTED,2025-04-01
458,1361,KYC_VERIFIED,2025-04-02
459,1459,KYC_VERIFIED,2025-04-03
460,74,KYC_VERIFIED,2025-04-04
461,3962,KYC_VERIFIED,2025-04-05
462,4916,KYC_SUBMITTED,2025-04-06
463,4674,KYC_VERIFIED,2025-04-07
464,362,KYC_SUBMITTED,2025-04-08
465,2814,KYC_VERIFIED,2025-04-09
466,3529,KYC_SUBMITTED,2025-04-10
467,1763,KYC_VERIFIED,2025-04-11
468,1857,KYC_VERIFIED,2025-04-12
469,4760,KYC_VERIFIED,2025-04-13
470,4791,KYC_VERIFIED,2025-04-14
471,1005,KYC_SUBMITTED,2025-04-15
472,3636,KYC_SUBMITTED,2025-04-16
473,3451,KYC_SUBMITTED,2025-04-17
474,2842,KYC_VERIFIED,2025-04-18
475,3598,KYC_VERIFIED,2025-04-19
476,2684,KYC_VERIFIED,2025-04-20
477,4625,KYC_VERIFIED,2025-04-21
478,4440,KYC_VERIFIED,2025-04-22
479,3958,KYC_SUBMITTED,2025-04-23
480,4402,KYC_VERIFIED,2025-04-24
481,3611,KYC_SUBMITTED,2025-04-25
482,1213,KYC_SUBMITTED,2025-04-26
483,4011,KYC_SUBMITTED,2025-04-27
484,1415,KYC_SUBMITTED,2025-04-28
485,2318,KYC_SUBMITTED,2025-04-29
486,655,KYC_VERIFIED,2025-04-30
487,419,KYC_VERIFIED,2025-05-01
488,333,KYC_SUBMITTED,2025-05-02
489,1888,KYC_VERIFIED,2025-05-03
490,4496,KYC_VERIFIED,2025-05-04
491,1249,KYC_VERIFIED,2025-05-05
492,2495,KYC_VERIFIED,2025-05-06
493,3754,KYC_SUBMITTED,2025-05-07
494,763,KYC_SUBMITTED,2025-05-08
495,2381,KYC_SUBMITTED,2025-05-09
496,776,KYC_VERIFIED,2025-05-10
497,1018,KYC_VERIFIED,2025-05-11
498,1473,KYC_SUBMITTED,2025-05-12
499,546,KYC_SUBMITTED,2025-05-13
500,288,KYC_VERIFIED,2025-05-14
501,2353,KYC_SUBMITTED,2025-05-15
502,2214,KYC_SUBMITTED,2025-05-16
503,130,KYC_SUBMITTED,2025-05-17
504,1769,KYC_VERIFIED,2025-05-18
505,636,KYC_VERIFIED,2025-05-19
506,589,KYC_VERIFIED,2025-05-20
507,3062,KYC_VERIFIED,2025-05-21
508,1116,KYC_SUBMITTED,2025-05-22
509,4985,KYC_VERIFIED,2025-05-23
510,4754,KYC_SUBMITTED,2025-05-24
511,3017,KYC_SUBMITTED,2025-05-25
512,3319,KYC_SUBMITTED,2025-05-26
513,4746,KYC_VERIFIED,2025-05-27
514,3864,KYC_VERIFIED,2025-05-28
515,4082,KYC_VERIFIED,2025-05-29
516,3288,KYC_VERIFIED,2025-05-30
517,2533,KYC_VERIFIED,2025-05-31
518,2215,KYC_SUBMITTED,2025-06-01
519,2404,KYC_SUBMITTED,2025-06-02
520,1319,KYC_VERIFIED,2025-06-03
521,3311,KYC_VERIFIED,2025-06-04
522,4629,KYC_SUBMITTED,2025-06-05
523,4514,KYC_VERIFIED,2025-06-06
524,1364,KYC_SUBMITTED,2025-06-07
525,1792,KYC_VERIFIED,2025-06-08
526,907,KYC_SUBMITTED,2025-06-09
527,2107,KYC_SUBMITTED,2025-06-10
528,4971,KYC_SUBMITTED,2025-06-11
529,532,KYC_SUBMITTED,2025-06-12
530,3161,KYC_VERIFIED,2025-06-13
531,523,KYC_SUBMITTED,2025-06-14
532,379,KYC_SUBMITTED,2025-06-15
533,2247,KYC_VERIFIED,2025-06-16
534,1940,KYC_SUBMITTED,2025-06-17
535,2667,KYC_VERIFIED,2025-06-18
536,4768,KYC_SUBMITTED,2025-06-19
537,43,KYC_VERIFIED,2025-06-20
538,3820,KYC_SUBMITTED,2025-06-21
539,1581,KYC_SUBMITTED,2025-06-22
540,2329,KYC_SUBMITTED,2025-06-23
541,4051,KYC_SUBMITTED,2025-06-24
542,2594,KYC_VERIFIED,2025-06-25
543,3721,KYC_VERIFIED,2025-06-26
544,2474,KYC_SUBMITTED,2025-06-27
545,2302,KYC_VERIFIED,2025-06-28
546,2306,KYC_SUBMITTED,2025-06-29
547,3858,KYC_VERIFIED,2025-06-30
548,706,KYC_SUBMITTED,2025-07-01
549,4465,KYC_VERIFIED,2025-07-02
550,4327,KYC_VERIFIED,2025-07-03
551,4807,KYC_VERIFIED,2025-07-04
552,716,KYC_VERIFIED,2025-07-05
553,3669,KYC_SUBMITTED,2025-07-06
554,2654,KYC_VERIFIED,2025-07-07
555,1093,KYC_VERIFIED,2025-07-08
556,4761,KYC_SUBMITTED,2025-07-09
557,4163,KYC_VERIFIED,2025-07-10
558,754,KYC_SUBMITTED,2025-07-11
559,2431,KYC_SUBMITTED,2025-07-12
560,1327,KYC_SUBMITTED,2025-07-13
561,3468,KYC_SUBMITTED,2025-07-14
562,4757,KYC_VERIFIED,2025-07-15
563,2224,KYC_SUBMITTED,2025-07-16
564,3163,KYC_SUBMITTED,2025-07-17
565,803,KYC_SUBMITTED,2025-07-18
566,503,KYC_SUBMITTED,2025-07-19
567,1380,KYC_SUBMITTED,2025-07-20
568,1570,KYC_VERIFIED,2025-07-21
569,3628,KYC_VERIFIED,2025-07-22
570,744,KYC_SUBMITTED,2025-07-23
571,3522,KYC_VERIFIED,2025-07-24
572,4912,KYC_SUBMITTED,2025-07-25
573,4024,KYC_VERIFIED,2025-07-26
574,2356,KYC_SUBMITTED,2025-07-27
575,3576,KYC_SUBMITTED,2025-07-28
576,967,KYC_VERIFIED,2025-07-29
577,1124,KYC_SUBMITTED,2025-07-30
578,2643,KYC_VERIFIED,2025-07-31
579,738,KYC_SUBMITTED,2025-08-01
580,117,KYC_SUBMITTED,2025-08-02
581,2077,KYC_VERIFIED,2025-08-03
582,1516,KYC_SUBMITTED,2025-08-04
583,2686,KYC_VERIFIED,2025-08-05
584,32,KYC_VERIFIED,2025-08-06
585,2470,KYC_VERIFIED,2025-08-07
586,3044,KYC_SUBMITTED,2025-08-08
587,1916,KYC_SUBMITTED,2025-08-09
588,479,KYC_VERIFIED,2025-08-10
589,739,KYC_SUBMITTED,2025-08-11
590,4211,KYC_VERIFIED,2025-08-12
591,1045,KYC_VERIFIED,2025-08-13
592,4169,KYC_SUBMITTED,2025-08-14
593,929,KYC_SUBMITTED,2025-08-15
594,4861,KYC_VERIFIED,2025-08-16
595,4405,KYC_SUBMITTED,2025-08-17
596,3861,KYC_SUBMITTED,2025-08-18
597,4060,KYC_SUBMITTED,2025-08-19
598,4379,KYC_SUBMITTED,2025-08-20
599,1612,KYC_VERIFIED,2025-08-21
600,2291,KYC_VERIFIED,2025-08-22
601,4740,KYC_VERIFIED,2025-08-23
602,2970,KYC_VERIFIED,2025-08-24
603,4880,KYC_SUBMITTED,2025-08-25
604,3742,KYC_VERIFIED,2025-08-26
605,1504,KYC_VERIFIED,2025-08-27
606,3368,KYC_VERIFIED,2025-08-28
607,1018,KYC_SUBMITTED,2025-08-29
608,4048,KYC_VERIFIED,2025-08-30
609,1749,KYC_VERIFIED,2025-08-31
610,4924,KYC_SUBMITTED,2025-09-01
611,4244,KYC_SUBMITTED,2025-09-02
612,4654,KYC_VERIFIED,2025-09-03
613,2412,KYC_SUBMITTED,2025-09-04
614,1317,KYC_VERIFIED,2025-09-05
615,2874,KYC_VERIFIED,2025-09-06
616,2427,KYC_SUBMITTED,2025-09-07
617,2147,KYC_VERIFIED,2025-09-08
618,3947,KYC_VERIFIED,2025-09-09
619,1239,KYC_VERIFIED,2025-09-10
620,113,KYC_VERIFIED,2025-09-11
621,2211,KYC_VERIFIED,2025-09-12
622,2378,KYC_SUBMITTED,2025-09-13
623,2470,KYC_SUBMITTED,2025-09-14
624,3379,KYC_SUBMITTED,2025-09-15
625,4689,KYC_SUBMITTED,2025-09-16
626,1578,KYC_SUBMITTED,2025-09-17
627,2356,KYC_SUBMITTED,2025-09-18
628,28,KYC_SUBMITTED,2025-09-19
629,2689,KYC_VERIFIED,2025-09-20
630,2699,KYC_VERIFIED,2025-09-21
631,943,KYC_SUBMITTED,2025-09-22
632,813,KYC_VERIFIED,2025-09-23
633,4331,KYC_SUBMITTED,2025-09-24
634,3708,KYC_SUBMITTED,2025-09-25
635,4911,KYC_SUBMITTED,2025-09-26
636,989,KYC_VERIFIED,2025-09-27
637,2420,KYC_VERIFIED,2025-09-28
638,909,KYC_VERIFIED,2025-09-29
639,575,KYC_SUBMITTED,2025-09-30
640,2358,KYC_SUBMITTED,2025-10-01
641,837,KYC_SUBMITTED,2025-10-02
642,1734,KYC_SUBMITTED,2025-10-03
643,4009,KYC_VERIFIED,2025-10-04
644,3383,KYC_SUBMITTED,2025-10-05
645,390,KYC_VERIFIED,2025-10-06
646,1975,KYC_SUBMITTED,2025-10-07
647,2089,KYC_SUBMITTED,2025-10-08
648,2508,KYC_SUBMITTED,2025-10-09
649,4043,KYC_SUBMITTED,2025-10-10
650,1803,KYC_SUBMITTED,2025-10-11
651,4092,KYC_VERIFIED,2025-10-12
652,945,KYC_VERIFIED,2025-10-13
653,911,KYC_SUBMITTED,2025-10-14
654,696,KYC_VERIFIED,2025-10-15
655,2007,KYC_VERIFIED,2025-10-16
656,193,KYC_SUBMITTED,2025-10-17
657,4417,KYC_SUBMITTED,2025-10-18
658,1258,KYC_SUBMITTED,2025-10-19
659,4198,KYC_VERIFIED,2025-10-20
660,1756,KYC_SUBMITTED,2025-10-21
661,608,KYC_SUBMITTED,2025-10-22
662,4411,KYC_SUBMITTED,2025-10-23
663,1430,KYC_SUBMITTED,2025-10-24
664,594,KYC_SUBMITTED,2025-10-25
665,4961,KYC_VERIFIED,2025-10-26
666,4032,KYC_VERIFIED,2025-10-27
667,3103,KYC_SUBMITTED,2025-10-28
668,4364,KYC_VERIFIED,2025-10-29
669,3910,KYC_VERIFIED,2025-10-30
670,2853,KYC_VERIFIED,2025-10-31
671,2887,KYC_SUBMITTED,2025-11-01
672,4477,KYC_VERIFIED,2025-11-02
673,3477,KYC_SUBMITTED,2025-11-03
674,2789,KYC_SUBMITTED,2025-11-04
675,3750,KYC_VERIFIED,2025-11-05
676,333,KYC_SUBMITTED,2025-11-06
677,2375,KYC_SUBMITTED,2025-11-07
678,877,KYC_SUBMITTED,2025-11-08
679,4418,KYC_VERIFIED,2025-11-09
680,3352,KYC_SUBMITTED,2025-11-10
681,3469,KYC_VERIFIED,2025-11-11
682,3786,KYC_SUBMITTED,2025-11-12
683,4743,KYC_SUBMITTED,2025-11-13
684,4379,KYC_VERIFIED,2025-11-14
685,3694,KYC_VERIFIED,2025-11-15
686,3657,KYC_VERIFIED,2025-11-16
687,4783,KYC_SUBMITTED,2025-11-17
688,2780,KYC_SUBMITTED,2025-11-18
689,3513,KYC_VERIFIED,2025-11-19
690,3734,KYC_VERIFIED,2025-11-20
691,4948,KYC_SUBMITTED,2025-11-21
692,137,KYC_SUBMITTED,2025-11-22
693,234,KYC_VERIFIED,2025-11-23
694,2379,KYC_VERIFIED,2025-11-24
695,3505,KYC_VERIFIED,2025-11-25
696,1545,KYC_SUBMITTED,2025-11-26
697,4386,KYC_SUBMITTED,2025-11-27
698,640,KYC_VERIFIED,2025-11-28
699,2658,KYC_SUBMITTED,2025-11-29
700,838,KYC_VERIFIED,2025-11-30
701,60,KYC_SUBMITTED,2025-12-01
702,1484,KYC_SUBMITTED,2025-12-02
703,949,KYC_SUBMITTED,2025-12-03
704,3103,KYC_SUBMITTED,2025-12-04
705,4887,KYC_SUBMITTED,2025-12-05
706,2407,KYC_VERIFIED,2025-12-06
707,4286,KYC_VERIFIED,2025-12-07
708,3743,KYC_VERIFIED,2025-12-08
709,511,KYC_SUBMITTED,2025-12-09
710,2145,KYC_SUBMITTED,2025-12-10
711,759,KYC_VERIFIED,2025-12-11
712,456,KYC_SUBMITTED,2025-12-12
713,2587,KYC_SUBMITTED,2025-12-13
714,4816,KYC_VERIFIED,2025-12-14
715,1013,KYC_VERIFIED,2025-12-15
716,3601,KYC_SUBMITTED,2025-12-16
717,3239,KYC_VERIFIED,2025-12-17
718,4566,KYC_VERIFIED,2025-12-18
719,4649,KYC_SUBMITTED,2025-12-19
720,1279,KYC_SUBMITTED,2025-12-20
721,4766,KYC_SUBMITTED,2025-12-21
722,366,KYC_VERIFIED,2025-12-22
723,3901,KYC_VERIFIED,2025-12-23
724,4463,KYC_VERIFIED,2025-12-24
725,370,KYC_VERIFIED,2025-12-25
726,2384,KYC_SUBMITTED,2025-12-26
727,2335,KYC_VERIFIED,2025-12-27
728,1219,KYC_VERIFIED,2025-12-28
729,3642,KYC_VERIFIED,2025-12-29
730,24,KYC_VERIFIED,2025-12-30
731,259,KYC_SUBMITTED,2025-12-31
732,4674,KYC_SUBMITTED,2026-01-01
733,1951,KYC_VERIFIED,2026-01-02
734,3496,KYC_VERIFIED,2026-01-03
735,1547,KYC_VERIFIED,2026-01-04
736,30,KYC_VERIFIED,2026-01-05
737,2832,KYC_SUBMITTED,2026-01-06
738,3066,KYC_SUBMITTED,2026-01-07
739,3780,KYC_VERIFIED,2026-01-08
740,4963,KYC_SUBMITTED,2026-01-09
741,1735,KYC_VERIFIED,2026-01-10
742,4321,KYC_SUBMITTED,2026-01-11
743,2859,KYC_SUBMITTED,2026-01-12
744,2295,KYC_VERIFIED,2026-01-13
745,3736,KYC_SUBMITTED,2026-01-14
746,827,KYC_SUBMITTED,2026-01-15
747,1478,KYC_VERIFIED,2026-01-16
748,4449,KYC_SUBMITTED,2026-01-17
749,1716,KYC_SUBMITTED,2026-01-18
750,839,KYC_VERIFIED,2026-01-19
751,2645,KYC_VERIFIED,2026-01-20
752,2990,KYC_SUBMITTED,2026-01-21
753,2775,KYC_SUBMITTED,2026-01-22
754,1585,KYC_VERIFIED,2026-01-23
755,4883,KYC_SUBMITTED,2026-01-24
756,1785,KYC_SUBMITTED,2026-01-25
757,984,KYC_VERIFIED,2026-01-26
758,1975,KYC_VERIFIED,2026-01-27
759,3491,KYC_VERIFIED,2026-01-28
760,2516,KYC_SUBMITTED,2026-01-29
761,2598,KYC_SUBMITTED,2026-01-30
762,2206,KYC_VERIFIED,2026-01-31
763,1223,KYC_SUBMITTED,2026-02-01
764,2861,KYC_SUBMITTED,2026-02-02
765,2164,KYC_SUBMITTED,2026-02-03
766,3559,KYC_VERIFIED,2026-02-04
767,1497,KYC_SUBMITTED,2026-02-05
768,3048,KYC_SUBMITTED,2026-02-06
769,4843,KYC_SUBMITTED,2026-02-07
770,2293,KYC_SUBMITTED,2026-02-08
771,864,KYC_VERIFIED,2026-02-09
772,3306,KYC_VERIFIED,2026-02-10
773,316,KYC_SUBMITTED,2026-02-11
774,3402,KYC_VERIFIED,2026-02-12
775,366,KYC_SUBMITTED,2026-02-13
776,3686,KYC_SUBMITTED,2026-02-14
777,825,KYC_VERIFIED,2026-02-15
778,1577,KYC_SUBMITTED,2026-02-16
779,1953,KYC_VERIFIED,2026-02-17
780,467,KYC_VERIFIED,2026-02-18
781,500,KYC_SUBMITTED,2026-02-19
782,1439,KYC_SUBMITTED,2026-02-20
783,358,KYC_VERIFIED,2026-02-21
784,2602,KYC_VERIFIED,2026-02-22
785,4233,KYC_SUBMITTED,2026-02-23
786,1475,KYC_VERIFIED,2026-02-24
787,4630,KYC_SUBMITTED,2026-02-25
788,3260,KYC_VERIFIED,2026-02-26
789,2380,KYC_VERIFIED,2026-02-27
790,1806,KYC_SUBMITTED,2026-02-28
791,1578,KYC_VERIFIED,2026-03-01
792,3302,KYC_SUBMITTED,2026-03-02
793,2108,KYC_VERIFIED,2026-03-03
794,894,KYC_SUBMITTED,2026-03-04
795,351,KYC_SUBMITTED,2026-03-05
796,556,KYC_VERIFIED,2026-03-06
797,4573,KYC_VERIFIED,2026-03-07
798,4173,KYC_SUBMITTED,2026-03-08
799,3655,KYC_SUBMITTED,2026-03-09
800,1518,KYC_SUBMITTED,2026-03-10
801,3055,KYC_SUBMITTED,2026-03-11
802,2711,KYC_SUBMITTED,2026-03-12
803,3640,KYC_SUBMITTED,2026-03-13
804,326,KYC_VERIFIED,2026-03-14
805,1514,KYC_SUBMITTED,2026-03-15
806,3241,KYC_VERIFIED,2026-03-16
807,4708,KYC_SUBMITTED,2026-03-17
808,3326,KYC_VERIFIED,2026-03-18
809,3437,KYC_SUBMITTED,2026-03-19
810,105,KYC_SUBMITTED,2026-03-20
811,3052,KYC_VERIFIED,2026-03-21
812,2510,KYC_SUBMITTED,2026-03-22
813,4593,KYC_SUBMITTED,2026-03-23
814,3273,KYC_SUBMITTED,2026-03-24
815,2654,KYC_SUBMITTED,2026-03-25
816,3654,KYC_VERIFIED,2026-03-26
817,1615,KYC_SUBMITTED,2026-03-27
818,2437,KYC_SUBMITTED,2026-03-28
819,781,KYC_SUBMITTED,2026-03-29
820,1840,KYC_VERIFIED,2026-03-30
821,3071,KYC_VERIFIED,2026-03-31
822,3952,KYC_SUBMITTED,2026-04-01
823,4193,KYC_SUBMITTED,2026-04-02
824,2879,KYC_VERIFIED,2026-04-03
825,887,KYC_SUBMITTED,2026-04-04
826,3951,KYC_SUBMITTED,2026-04-05
827,4993,KYC_VERIFIED,2026-04-06
828,3529,KYC_VERIFIED,2026-04-07
829,2014,KYC_SUBMITTED,2026-04-08
830,2079,KYC_SUBMITTED,2026-04-09
831,1962,KYC_VERIFIED,2026-04-10
832,4749,KYC_SUBMITTED,2026-04-11
833,4547,KYC_SUBMITTED,2026-04-12
834,959,KYC_SUBMITTED,2026-04-13
835,2010,KYC_VERIFIED,2026-04-14
836,1885,KYC_SUBMITTED,2026-04-15
837,3760,KYC_VERIFIED,2026-04-16
838,3601,KYC_SUBMITTED,2026-04-17
839,3444,KYC_VERIFIED,2026-04-18
840,1675,KYC_VERIFIED,2026-04-19
841,4510,KYC_VERIFIED,2026-04-20
842,4752,KYC_SUBMITTED,2026-04-21
843,4320,KYC_VERIFIED,2026-04-22
844,3374,KYC_SUBMITTED,2026-04-23
845,4512,KYC_VERIFIED,2026-04-24
846,1831,KYC_VERIFIED,2026-04-25
847,4308,KYC_SUBMITTED,2026-04-26
848,3901,KYC_VERIFIED,2026-04-27
849,815,KYC_SUBMITTED,2026-04-28
850,3115,KYC_SUBMITTED,2026-04-29
851,3691,KYC_SUBMITTED,2026-04-30
852,1056,KYC_VERIFIED,2026-05-01
853,4462,KYC_VERIFIED,2026-05-02
854,1098,KYC_VERIFIED,2026-05-03
855,2352,KYC_VERIFIED,2026-05-04
856,4806,KYC_VERIFIED,2026-05-05
857,2816,KYC_VERIFIED,2026-05-06
858,68,KYC_VERIFIED,2026-05-07
859,4488,KYC_VERIFIED,2026-05-08
860,2112,KYC_VERIFIED,2026-05-09
861,203,KYC_VERIFIED,2026-05-10
862,1570,KYC_SUBMITTED,2026-05-11
863,3102,KYC_SUBMITTED,2026-05-12
864,2520,KYC_VERIFIED,2026-05-13
865,46,KYC_SUBMITTED,2026-05-14
866,2189,KYC_SUBMITTED,2026-05-15
867,1647,KYC_VERIFIED,2026-05-16
868,1286,KYC_VERIFIED,2026-05-17
869,2631,KYC_SUBMITTED,2026-05-18
870,1644,KYC_VERIFIED,2026-05-19
871,748,KYC_SUBMITTED,2026-05-20
872,1610,KYC_SUBMITTED,2026-05-21
873,575,KYC_SUBMITTED,2026-05-22
874,4378,KYC_VERIFIED,2026-05-23
875,4093,KYC_SUBMITTED,2026-05-24
876,2993,KYC_VERIFIED,2026-05-25
877,4937,KYC_VERIFIED,2026-05-26
878,3399,KYC_VERIFIED,2026-05-27
879,2703,KYC_VERIFIED,2026-05-28
880,1149,KYC_VERIFIED,2026-05-29
881,2488,KYC_SUBMITTED,2026-05-30
882,4547,KYC_VERIFIED,2026-05-31
883,3215,KYC_VERIFIED,2026-06-01
884,1124,KYC_VERIFIED,2026-06-02
885,4572,KYC_SUBMITTED,2026-06-03
886,337,KYC_SUBMITTED,2026-06-04
887,1768,KYC_SUBMITTED,2026-06-05
888,3058,KYC_SUBMITTED,2026-06-06
889,4142,KYC_SUBMITTED,2026-06-07
890,1647,KYC_VERIFIED,2026-06-08
891,4823,KYC_VERIFIED,2026-06-09
892,3694,KYC_SUBMITTED,2026-06-10
893,3581,KYC_VERIFIED,2026-06-11
894,1974,KYC_SUBMITTED,2026-06-12
895,1825,KYC_VERIFIED,2026-06-13
896,4972,KYC_SUBMITTED,2026-06-14
897,1086,KYC_SUBMITTED,2026-06-15
898,4901,KYC_VERIFIED,2026-06-16
899,4752,KYC_SUBMITTED,2026-06-17
900,1858,KYC_VERIFIED,2026-06-18
901,3088,KYC_SUBMITTED,2026-06-19
902,3317,KYC_SUBMITTED,2026-06-20
903,1504,KYC_SUBMITTED,2026-06-21
904,2145,KYC_SUBMITTED,2026-06-22
905,3417,KYC_SUBMITTED,2026-06-23
906,3328,KYC_SUBMITTED,2026-06-24
907,1106,KYC_SUBMITTED,2026-06-25
908,2013,KYC_VERIFIED,2026-06-26
909,350,KYC_VERIFIED,2026-06-27
910,4750,KYC_SUBMITTED,2026-06-28
911,3561,KYC_SUBMITTED,2026-06-29
912,3092,KYC_VERIFIED,2026-06-30
913,2236,KYC_SUBMITTED,2026-07-01
914,1254,KYC_SUBMITTED,2026-07-02
915,4637,KYC_SUBMITTED,2026-07-03
916,4835,KYC_SUBMITTED,2026-07-04
917,36,KYC_VERIFIED,2026-07-05
918,4503,KYC_VERIFIED,2026-07-06
919,4539,KYC_VERIFIED,2026-07-07
920,399,KYC_SUBMITTED,2026-07-08
921,4217,KYC_SUBMITTED,2026-07-09
922,3294,KYC_VERIFIED,2026-07-10
923,3803,KYC_SUBMITTED,2026-07-11
924,4585,KYC_VERIFIED,2026-07-12
925,1275,KYC_SUBMITTED,2026-07-13
926,3548,KYC_SUBMITTED,2026-07-14
927,2762,KYC_VERIFIED,2026-07-15
928,687,KYC_VERIFIED,2026-07-16
929,4106,KYC_SUBMITTED,2026-07-17
930,1103,KYC_SUBMITTED,2026-07-18
931,2466,KYC_SUBMITTED,2026-07-19
932,922,KYC_SUBMITTED,2026-07-20
933,2433,KYC_SUBMITTED,2026-07-21
934,2550,KYC_SUBMITTED,2026-07-22
935,2801,KYC_SUBMITTED,2026-07-23
936,3284,KYC_SUBMITTED,2026-07-24
937,1214,KYC_VERIFIED,2026-07-25
938,2389,KYC_VERIFIED,2026-07-26
939,4888,KYC_SUBMITTED,2026-07-27
940,1762,KYC_SUBMITTED,2026-07-28
941,1344,KYC_VERIFIED,2026-07-29
942,302,KYC_SUBMITTED,2026-07-30
943,647,KYC_VERIFIED,2026-07-31
944,4313,KYC_VERIFIED,2026-08-01
945,505,KYC_SUBMITTED,2026-08-02
946,234,KYC_VERIFIED,2026-08-03
947,1639,KYC_VERIFIED,2026-08-04
948,1666,KYC_VERIFIED,2026-08-05
949,4102,KYC_SUBMITTED,2026-08-06
950,1705,KYC_SUBMITTED,2026-08-07
951,710,KYC_VERIFIED,2026-08-08
952,446,KYC_SUBMITTED,2026-08-09
953,2816,KYC_SUBMITTED,2026-08-10
954,549,KYC_VERIFIED,2026-08-11
955,3913,KYC_VERIFIED,2026-08-12
956,974,KYC_VERIFIED,2026-08-13
957,4893,KYC_VERIFIED,2026-08-14
958,4269,KYC_VERIFIED,2026-08-15
959,4236,KYC_SUBMITTED,2026-08-16
960,2519,KYC_SUBMITTED,2026-08-17
961,1558,KYC_VERIFIED,2026-08-18
962,2875,KYC_SUBMITTED,2026-08-19
963,4735,KYC_SUBMITTED,2026-08-20
964,2566,KYC_SUBMITTED,2026-08-21
965,4137,KYC_SUBMITTED,2026-08-22
966,1930,KYC_VERIFIED,2026-08-23
967,3773,KYC_SUBMITTED,2026-08-24
968,2465,KYC_SUBMITTED,2026-08-25
969,3684,KYC_VERIFIED,2026-08-26
970,1685,KYC_SUBMITTED,2026-08-27
971,4401,KYC_SUBMITTED,2026-08-28
972,3707,KYC_VERIFIED,2026-08-29
973,2037,KYC_SUBMITTED,2026-08-30
974,4246,KYC_VERIFIED,2026-08-31
975,1611,KYC_SUBMITTED,2026-09-01
976,1070,KYC_VERIFIED,2026-09-02
977,3471,KYC_VERIFIED,2026-09-03
978,2414,KYC_SUBMITTED,2026-09-04
979,4624,KYC_SUBMITTED,2026-09-05
980,76,KYC_SUBMITTED,2026-09-06
981,791,KYC_VERIFIED,2026-09-07
982,2920,KYC_SUBMITTED,2026-09-08
983,3552,KYC_SUBMITTED,2026-09-09
984,2177,KYC_VERIFIED,2026-09-10
985,4710,KYC_VERIFIED,2026-09-11
986,1312,KYC_VERIFIED,2026-09-12
987,2490,KYC_SUBMITTED,2026-09-13
988,3755,KYC_VERIFIED,2026-09-14
989,4617,KYC_SUBMITTED,2026-09-15
990,1583,KYC_SUBMITTED,2026-09-16
991,3059,KYC_SUBMITTED,2026-09-17
992,4282,KYC_VERIFIED,2026-09-18
993,4991,KYC_SUBMITTED,2026-09-19
994,1241,KYC_VERIFIED,2026-09-20
995,2444,KYC_VERIFIED,2026-09-21
996,3488,KYC_SUBMITTED,2026-09-22
997,494,KYC_VERIFIED,2026-09-23
998,2672,KYC_VERIFIED,2026-09-24
999,1338,KYC_SUBMITTED,2026-09-25
1000,3440,KYC_SUBMITTED,2026-09-26
1001,4302,KYC_SUBMITTED,2026-09-27
1002,4429,KYC_SUBMITTED,2026-09-28
1003,439,KYC_VERIFIED,2026-09-29
1004,965,KYC_VERIFIED,2026-09-30
1005,3027,KYC_SUBMITTED,2026-10-01
1006,4072,KYC_VERIFIED,2026-10-02
1007,906,KYC_SUBMITTED,2026-10-03
1008,4770,KYC_VERIFIED,2026-10-04
1009,998,KYC_VERIFIED,2026-10-05
1010,2209,KYC_VERIFIED,2026-10-06
1011,1651,KYC_SUBMITTED,2026-10-07
1012,2201,KYC_SUBMITTED,2026-10-08
1013,1811,KYC_VERIFIED,2026-10-09
1014,1765,KYC_VERIFIED,2026-10-10
1015,844,KYC_VERIFIED,2026-10-11
1016,704,KYC_VERIFIED,2026-10-12
1017,219,KYC_VERIFIED,2026-10-13
1018,3407,KYC_VERIFIED,2026-10-14
1019,4377,KYC_SUBMITTED,2026-10-15
1020,4609,KYC_VERIFIED,2026-10-16
1021,3783,KYC_SUBMITTED,2026-10-17
1022,3701,KYC_SUBMITTED,2026-10-18
1023,519,KYC_SUBMITTED,2026-10-19
1024,2668,KYC_VERIFIED,2026-10-20
1025,2624,KYC_VERIFIED,2026-10-21
1026,2955,KYC_SUBMITTED,2026-10-22
1027,4021,KYC_VERIFIED,2026-10-23
1028,4296,KYC_VERIFIED,2026-10-24
1029,2540,KYC_VERIFIED,2026-10-25
1030,3692,KYC_SUBMITTED,2026-10-26
1031,1807,KYC_SUBMITTED,2026-10-27
1032,764,KYC_VERIFIED,2026-10-28
1033,970,KYC_VERIFIED,2026-10-29
1034,13,KYC_SUBMITTED,2026-10-30
1035,936,KYC_SUBMITTED,2026-10-31
1036,2299,KYC_SUBMITTED,2026-11-01
1037,417,KYC_VERIFIED,2026-11-02
1038,1304,KYC_VERIFIED,2026-11-03
1039,1181,KYC_SUBMITTED,2026-11-04
1040,1284,KYC_SUBMITTED,2026-11-05
1041,1877,KYC_VERIFIED,2026-11-06
1042,3491,KYC_VERIFIED,2026-11-07
1043,489,KYC_SUBMITTED,2026-11-08
1044,1934,KYC_SUBMITTED,2026-11-09
1045,1608,KYC_SUBMITTED,2026-11-10
1046,4693,KYC_VERIFIED,2026-11-11
1047,2093,KYC_VERIFIED,2026-11-12
1048,379,KYC_SUBMITTED,2026-11-13
1049,4794,KYC_VERIFIED,2026-11-14
1050,319,KYC_SUBMITTED,2026-11-15
1051,3585,KYC_VERIFIED,2026-11-16
1052,4354,KYC_SUBMITTED,2026-11-17
1053,484,KYC_SUBMITTED,2026-11-18
1054,3295,KYC_VERIFIED,2026-11-19
1055,2579,KYC_SUBMITTED,2026-11-20
1056,1123,KYC_SUBMITTED,2026-11-21
1057,4560,KYC_SUBMITTED,2026-11-22
1058,3499,KYC_VERIFIED,2026-11-23
1059,2705,KYC_VERIFIED,2026-11-24
1060,306,KYC_VERIFIED,2026-11-25
1061,2169,KYC_SUBMITTED,2026-11-26
1062,1980,KYC_VERIFIED,2026-11-27
1063,1738,KYC_SUBMITTED,2026-11-28
1064,3969,KYC_VERIFIED,2026-11-29
1065,3763,KYC_VERIFIED,2026-11-30
1066,2660,KYC_SUBMITTED,2026-12-01
1067,4418,KYC_VERIFIED,2026-12-02
1068,1558,KYC_SUBMITTED,2026-12-03
1069,2254,KYC_SUBMITTED,2026-12-04
1070,2270,KYC_SUBMITTED,2026-12-05
1071,4487,KYC_VERIFIED,2026-12-06
1072,3663,KYC_SUBMITTED,2026-12-07
1073,4923,KYC_VERIFIED,2026-12-08
1074,2189,KYC_VERIFIED,2026-12-09
1075,3984,KYC_VERIFIED,2026-12-10
1076,801,KYC_SUBMITTED,2026-12-11
1077,1721,KYC_SUBMITTED,2026-12-12
1078,4784,KYC_VERIFIED,2026-12-13
1079,1524,KYC_VERIFIED,2026-12-14
1080,1881,KYC_SUBMITTED,2026-12-15
1081,477,KYC_VERIFIED,2026-12-16
1082,2422,KYC_SUBMITTED,2026-12-17
1083,2592,KYC_VERIFIED,2026-12-18
1084,2694,KYC_VERIFIED,2026-12-19
1085,2332,KYC_VERIFIED,2026-12-20
1086,633,KYC_VERIFIED,2026-12-21
1087,1515,KYC_SUBMITTED,2026-12-22
1088,3586,KYC_VERIFIED,2026-12-23
1089,868,KYC_SUBMITTED,2026-12-24
1090,1252,KYC_SUBMITTED,2026-12-25
1091,2292,KYC_SUBMITTED,2026-12-26
1092,2628,KYC_VERIFIED,2026-12-27
1093,2230,KYC_SUBMITTED,2026-12-28
1094,2617,KYC_VERIFIED,2026-12-29
1095,2179,KYC_SUBMITTED,2026-12-30
1096,3620,KYC_SUBMITTED,2026-12-31
1097,252,KYC_SUBMITTED,2027-01-01
1098,3696,KYC_SUBMITTED,2027-01-02
1099,597,KYC_VERIFIED,2027-01-03
1100,3436,KYC_VERIFIED,2027-01-04
1101,1127,KYC_VERIFIED,2027-01-05
1102,2563,KYC_SUBMITTED,2027-01-06
1103,3001,KYC_VERIFIED,2027-01-07
1104,3879,KYC_SUBMITTED,2027-01-08
1105,126,KYC_SUBMITTED,2027-01-09
1106,2354,KYC_VERIFIED,2027-01-10
1107,3657,KYC_VERIFIED,2027-01-11
1108,3160,KYC_VERIFIED,2027-01-12
1109,367,KYC_SUBMITTED,2027-01-13
1110,2685,KYC_VERIFIED,2027-01-14
1111,3935,KYC_VERIFIED,2027-01-15
1112,4286,KYC_SUBMITTED,2027-01-16
1113,4690,KYC_SUBMITTED,2027-01-17
1114,2856,KYC_VERIFIED,2027-01-18
1115,270,KYC_SUBMITTED,2027-01-19
1116,99,KYC_SUBMITTED,2027-01-20
1117,3182,KYC_VERIFIED,2027-01-21
1118,4177,KYC_VERIFIED,2027-01-22
1119,2796,KYC_VERIFIED,2027-01-23
1120,2767,KYC_SUBMITTED,2027-01-24
1121,1563,KYC_VERIFIED,2027-01-25
1122,1021,KYC_SUBMITTED,2027-01-26
1123,17,KYC_SUBMITTED,2027-01-27
1124,2708,KYC_SUBMITTED,2027-01-28
1125,1371,KYC_VERIFIED,2027-01-29
1126,2291,KYC_SUBMITTED,2027-01-30
1127,4110,KYC_VERIFIED,2027-01-31
1128,3565,KYC_SUBMITTED,2027-02-01
1129,2404,KYC_VERIFIED,2027-02-02
1130,3745,KYC_VERIFIED,2027-02-03
1131,3767,KYC_VERIFIED,2027-02-04
1132,542,KYC_SUBMITTED,2027-02-05
1133,769,KYC_VERIFIED,2027-02-06
1134,2723,KYC_VERIFIED,2027-02-07
1135,959,KYC_VERIFIED,2027-02-08
1136,3600,KYC_VERIFIED,2027-02-09
1137,309,KYC_VERIFIED,2027-02-10
1138,2431,KYC_SUBMITTED,2027-02-11
1139,3757,KYC_SUBMITTED,2027-02-12
1140,3802,KYC_SUBMITTED,2027-02-13
1141,4028,KYC_VERIFIED,2027-02-14
1142,1744,KYC_VERIFIED,2027-02-15
1143,2654,KYC_SUBMITTED,2027-02-16
1144,297,KYC_SUBMITTED,2027-02-17
1145,3960,KYC_VERIFIED,2027-02-18
1146,242,KYC_VERIFIED,2027-02-19
1147,4632,KYC_SUBMITTED,2027-02-20
1148,1540,KYC_VERIFIED,2027-02-21
1149,535,KYC_VERIFIED,2027-02-22
1150,1680,KYC_VERIFIED,2027-02-23
1151,645,KYC_SUBMITTED,2027-02-24
1152,1401,KYC_VERIFIED,2027-02-25
1153,1422,KYC_VERIFIED,2027-02-26
1154,2884,KYC_VERIFIED,2027-02-27
1155,977,KYC_VERIFIED,2027-02-28
1156,4425,KYC_SUBMITTED,2027-03-01
1157,4397,KYC_SUBMITTED,2027-03-02
1158,152,KYC_VERIFIED,2027-03-03
1159,832,KYC_VERIFIED,2027-03-04
1160,3694,KYC_VERIFIED,2027-03-05
1161,4076,KYC_SUBMITTED,2027-03-06
1162,400,KYC_VERIFIED,2027-03-07
1163,2285,KYC_SUBMITTED,2027-03-08
1164,4626,KYC_VERIFIED,2027-03-09
1165,3220,KYC_SUBMITTED,2027-03-10
1166,3664,KYC_VERIFIED,2027-03-11
1167,1790,KYC_SUBMITTED,2027-03-12
1168,4281,KYC_VERIFIED,2027-03-13
1169,3307,KYC_VERIFIED,2027-03-14
1170,683,KYC_VERIFIED,2027-03-15
1171,1541,KYC_SUBMITTED,2027-03-16
1172,2080,KYC_VERIFIED,2027-03-17
1173,2552,KYC_VERIFIED,2027-03-18
1174,3346,KYC_SUBMITTED,2027-03-19
1175,291,KYC_SUBMITTED,2027-03-20
1176,3824,KYC_SUBMITTED,2027-03-21
1177,2502,KYC_VERIFIED,2027-03-22
1178,4783,KYC_VERIFIED,2027-03-23
1179,855,KYC_VERIFIED,2027-03-24
1180,274,KYC_SUBMITTED,2027-03-25
1181,3836,KYC_VERIFIED,2027-03-26
1182,46,KYC_VERIFIED,2027-03-27
1183,4891,KYC_VERIFIED,2027-03-28
1184,3541,KYC_SUBMITTED,2027-03-29
1185,3516,KYC_SUBMITTED,2027-03-30
1186,3853,KYC_SUBMITTED,2027-03-31
1187,1955,KYC_SUBMITTED,2027-04-01
1188,259,KYC_VERIFIED,2027-04-02
1189,1018,KYC_SUBMITTED,2027-04-03
1190,4766,KYC_VERIFIED,2027-04-04
1191,965,KYC_VERIFIED,2027-04-05
1192,1963,KYC_SUBMITTED,2027-04-06
1193,3877,KYC_SUBMITTED,2027-04-07
1194,3654,KYC_SUBMITTED,2027-04-08
1195,1169,KYC_SUBMITTED,2027-04-09
1196,1769,KYC_SUBMITTED,2027-04-10
1197,4634,KYC_SUBMITTED,2027-04-11
1198,1531,KYC_SUBMITTED,2027-04-12
1199,1658,KYC_VERIFIED,2027-04-13
1200,1912,KYC_VERIFIED,2027-04-14
1201,4275,KYC_VERIFIED,2027-04-15
1202,2754,KYC_SUBMITTED,2027-04-16
1203,4570,KYC_VERIFIED,2027-04-17
1204,4922,KYC_VERIFIED,2027-04-18
1205,4467,KYC_SUBMITTED,2027-04-19
1206,2055,KYC_VERIFIED,2027-04-20
1207,3344,KYC_SUBMITTED,2027-04-21
1208,1320,KYC_SUBMITTED,2027-04-22
1209,1322,KYC_SUBMITTED,2027-04-23
1210,730,KYC_VERIFIED,2027-04-24
1211,4961,KYC_VERIFIED,2027-04-25
1212,4118,KYC_VERIFIED,2027-04-26
1213,4894,KYC_SUBMITTED,2027-04-27
1214,4331,KYC_VERIFIED,2027-04-28
1215,3945,KYC_VERIFIED,2027-04-29
1216,4123,KYC_SUBMITTED,2027-04-30
1217,4919,KYC_SUBMITTED,2027-05-01
1218,484,KYC_VERIFIED,2027-05-02
1219,1656,KYC_VERIFIED,2027-05-03
1220,2759,KYC_VERIFIED,2027-05-04
1221,3387,KYC_VERIFIED,2027-05-05
1222,3157,KYC_SUBMITTED,2027-05-06
1223,3892,KYC_SUBMITTED,2027-05-07
1224,1719,KYC_SUBMITTED,2027-05-08
1225,687,KYC_VERIFIED,2027-05-09
1226,3385,KYC_SUBMITTED,2027-05-10
1227,3996,KYC_VERIFIED,2027-05-11
1228,23,KYC_SUBMITTED,2027-05-12
1229,2690,KYC_VERIFIED,2027-05-13
1230,3400,KYC_SUBMITTED,2027-05-14
1231,1474,KYC_SUBMITTED,2027-05-15
1232,3095,KYC_VERIFIED,2027-05-16
1233,3774,KYC_SUBMITTED,2027-05-17
1234,4456,KYC_SUBMITTED,2027-05-18
1235,103,KYC_VERIFIED,2027-05-19
1236,3539,KYC_SUBMITTED,2027-05-20
1237,3305,KYC_SUBMITTED,2027-05-21
1238,2125,KYC_VERIFIED,2027-05-22
1239,2253,KYC_SUBMITTED,2027-05-23
1240,4498,KYC_VERIFIED,2027-05-24
1241,769,KYC_VERIFIED,2027-05-25
1242,2230,KYC_VERIFIED,2027-05-26
1243,4778,KYC_SUBMITTED,2027-05-27
1244,4811,KYC_VERIFIED,2027-05-28
1245,2411,KYC_VERIFIED,2027-05-29
1246,2453,KYC_VERIFIED,2027-05-30
1247,2378,KYC_VERIFIED,2027-05-31
1248,2947,KYC_SUBMITTED,2027-06-01
1249,1589,KYC_VERIFIED,2027-06-02
1250,3312,KYC_VERIFIED,2027-06-03
1251,2237,KYC_VERIFIED,2027-06-04
1252,2791,KYC_SUBMITTED,2027-06-05
1253,376,KYC_VERIFIED,2027-06-06
1254,695,KYC_SUBMITTED,2027-06-07
1255,597,KYC_VERIFIED,2027-06-08
1256,2136,KYC_VERIFIED,2027-06-09
1257,3801,KYC_SUBMITTED,2027-06-10
1258,1163,KYC_VERIFIED,2027-06-11
1259,940,KYC_VERIFIED,2027-06-12
1260,670,KYC_SUBMITTED,2027-06-13
1261,2674,KYC_VERIFIED,2027-06-14
1262,951,KYC_SUBMITTED,2027-06-15
1263,210,KYC_VERIFIED,2027-06-16
1264,2314,KYC_SUBMITTED,2027-06-17
1265,954,KYC_SUBMITTED,2027-06-18
1266,4137,KYC_VERIFIED,2027-06-19
1267,1723,KYC_SUBMITTED,2027-06-20
1268,4276,KYC_SUBMITTED,2027-06-21
1269,2964,KYC_VERIFIED,2027-06-22
1270,2710,KYC_VERIFIED,2027-06-23
1271,1440,KYC_SUBMITTED,2027-06-24
1272,3540,KYC_VERIFIED,2027-06-25
1273,3370,KYC_VERIFIED,2027-06-26
1274,1672,KYC_VERIFIED,2027-06-27
1275,2866,KYC_SUBMITTED,2027-06-28
1276,2783,KYC_SUBMITTED,2027-06-29
1277,309,KYC_SUBMITTED,2027-06-30
1278,4841,KYC_SUBMITTED,2027-07-01
1279,3131,KYC_SUBMITTED,2027-07-02
1280,2037,KYC_VERIFIED,2027-07-03
1281,4341,KYC_VERIFIED,2027-07-04
1282,4038,KYC_SUBMITTED,2027-07-05
1283,924,KYC_SUBMITTED,2027-07-06
1284,1220,KYC_VERIFIED,2027-07-07
1285,3185,KYC_SUBMITTED,2027-07-08
1286,4933,KYC_SUBMITTED,2027-07-09
1287,1501,KYC_SUBMITTED,2027-07-10
1288,3687,KYC_SUBMITTED,2027-07-11
1289,3291,KYC_VERIFIED,2027-07-12
1290,2919,KYC_SUBMITTED,2027-07-13
1291,2421,KYC_VERIFIED,2027-07-14
1292,1803,KYC_SUBMITTED,2027-07-15
1293,1876,KYC_SUBMITTED,2027-07-16
1294,4337,KYC_SUBMITTED,2027-07-17
1295,3694,KYC_SUBMITTED,2027-07-18
1296,3354,KYC_SUBMITTED,2027-07-19
1297,394,KYC_VERIFIED,2027-07-20
1298,2388,KYC_SUBMITTED,2027-07-21
1299,117,KYC_VERIFIED,2027-07-22
1300,2401,KYC_VERIFIED,2027-07-23
1301,4640,KYC_VERIFIED,2027-07-24
1302,4117,KYC_VERIFIED,2027-07-25
1303,2132,KYC_VERIFIED,2027-07-26
1304,1391,KYC_VERIFIED,2027-07-27
1305,4365,KYC_VERIFIED,2027-07-28
1306,289,KYC_VERIFIED,2027-07-29
1307,4693,KYC_VERIFIED,2027-07-30
1308,3719,KYC_SUBMITTED,2027-07-31
1309,219,KYC_SUBMITTED,2027-08-01
1310,1200,KYC_SUBMITTED,2027-08-02
1311,2153,KYC_SUBMITTED,2027-08-03
1312,3271,KYC_SUBMITTED,2027-08-04
1313,2640,KYC_SUBMITTED,2027-08-05
1314,1267,KYC_VERIFIED,2027-08-06
1315,3470,KYC_VERIFIED,2027-08-07
1316,3474,KYC_VERIFIED,2027-08-08
1317,3330,KYC_SUBMITTED,2027-08-09
1318,1984,KYC_SUBMITTED,2027-08-10
1319,1154,KYC_SUBMITTED,2027-08-11
1320,3291,KYC_VERIFIED,2027-08-12
1321,2294,KYC_VERIFIED,2027-08-13
1322,3235,KYC_VERIFIED,2027-08-14
1323,1498,KYC_SUBMITTED,2027-08-15
1324,3845,KYC_VERIFIED,2027-08-16
1325,220,KYC_VERIFIED,2027-08-17
1326,1581,KYC_VERIFIED,2027-08-18
1327,3337,KYC_SUBMITTED,2027-08-19
1328,2553,KYC_SUBMITTED,2027-08-20
1329,1409,KYC_SUBMITTED,2027-08-21
1330,1080,KYC_VERIFIED,2027-08-22
1331,3485,KYC_VERIFIED,2027-08-23
1332,78,KYC_SUBMITTED,2027-08-24
1333,2059,KYC_SUBMITTED,2027-08-25
1334,1128,KYC_VERIFIED,2027-08-26
1335,2096,KYC_VERIFIED,2027-08-27
1336,4597,KYC_VERIFIED,2027-08-28
1337,81,KYC_VERIFIED,2027-08-29
1338,23,KYC_SUBMITTED,2027-08-30
1339,69,KYC_VERIFIED,2027-08-31
1340,3422,KYC_VERIFIED,2027-09-01
1341,52,KYC_VERIFIED,2027-09-02
1342,941,KYC_VERIFIED,2027-09-03
1343,590,KYC_SUBMITTED,2027-09-04
1344,4314,KYC_VERIFIED,2027-09-05
1345,2620,KYC_VERIFIED,2027-09-06
1346,211,KYC_VERIFIED,2027-09-07
1347,1108,KYC_VERIFIED,2027-09-08
1348,4617,KYC_VERIFIED,2027-09-09
1349,2367,KYC_VERIFIED,2027-09-10
1350,1240,KYC_SUBMITTED,2027-09-11
1351,1178,KYC_VERIFIED,2027-09-12
1352,1538,KYC_SUBMITTED,2027-09-13
1353,4328,KYC_SUBMITTED,2027-09-14
1354,557,KYC_VERIFIED,2027-09-15
1355,468,KYC_VERIFIED,2027-09-16
1356,3836,KYC_VERIFIED,2027-09-17
1357,1980,KYC_VERIFIED,2027-09-18
1358,3709,KYC_VERIFIED,2027-09-19
1359,3853,KYC_SUBMITTED,2027-09-20
1360,2518,KYC_SUBMITTED,2027-09-21
1361,2701,KYC_VERIFIED,2027-09-22
1362,1030,KYC_SUBMITTED,2027-09-23
1363,380,KYC_SUBMITTED,2027-09-24
1364,4077,KYC_SUBMITTED,2027-09-25
1365,2150,KYC_VERIFIED,2027-09-26
1366,1571,KYC_SUBMITTED,2027-09-27
1367,2650,KYC_VERIFIED,2027-09-28
1368,3603,KYC_VERIFIED,2027-09-29
1369,850,KYC_VERIFIED,2027-09-30
1370,337,KYC_VERIFIED,2027-10-01
1371,4928,KYC_VERIFIED,2027-10-02
1372,4397,KYC_SUBMITTED,2027-10-03
1373,3707,KYC_VERIFIED,2027-10-04
1374,2784,KYC_SUBMITTED,2027-10-05
1375,944,KYC_SUBMITTED,2027-10-06
1376,2010,KYC_VERIFIED,2027-10-07
1377,1239,KYC_SUBMITTED,2027-10-08
1378,886,KYC_VERIFIED,2027-10-09
1379,4679,KYC_SUBMITTED,2027-10-10
1380,1152,KYC_VERIFIED,2027-10-11
1381,4447,KYC_VERIFIED,2027-10-12
1382,3163,KYC_VERIFIED,2027-10-13
1383,4266,KYC_SUBMITTED,2027-10-14
1384,3951,KYC_SUBMITTED,2027-10-15
1385,3202,KYC_VERIFIED,2027-10-16
1386,4659,KYC_VERIFIED,2027-10-17
1387,1706,KYC_VERIFIED,2027-10-18
1388,3501,KYC_VERIFIED,2027-10-19
1389,3457,KYC_VERIFIED,2027-10-20
1390,4912,KYC_SUBMITTED,2027-10-21
1391,3862,KYC_VERIFIED,2027-10-22
1392,4626,KYC_VERIFIED,2027-10-23
1393,3777,KYC_VERIFIED,2027-10-24
1394,561,KYC_VERIFIED,2027-10-25
1395,1515,KYC_SUBMITTED,2027-10-26
1396,4063,KYC_SUBMITTED,2027-10-27
1397,1705,KYC_VERIFIED,2027-10-28
1398,3528,KYC_SUBMITTED,2027-10-29
1399,4424,KYC_VERIFIED,2027-10-30
1400,2860,KYC_SUBMITTED,2027-10-31
1401,341,KYC_SUBMITTED,2027-11-01
1402,4255,KYC_SUBMITTED,2027-11-02
1403,3493,KYC_VERIFIED,2027-11-03
1404,2850,KYC_VERIFIED,2027-11-04
1405,3750,KYC_SUBMITTED,2027-11-05
1406,4745,KYC_SUBMITTED,2027-11-06
1407,2630,KYC_VERIFIED,2027-11-07
1408,2987,KYC_VERIFIED,2027-11-08
1409,2586,KYC_VERIFIED,2027-11-09
1410,54,KYC_VERIFIED,2027-11-10
1411,907,KYC_SUBMITTED,2027-11-11
1412,4525,KYC_VERIFIED,2027-11-12
1413,3157,KYC_SUBMITTED,2027-11-13
1414,4820,KYC_VERIFIED,2027-11-14
1415,3821,KYC_VERIFIED,2027-11-15
1416,4453,KYC_VERIFIED,2027-11-16
1417,1178,KYC_VERIFIED,2027-11-17
1418,2268,KYC_SUBMITTED,2027-11-18
1419,2152,KYC_VERIFIED,2027-11-19
1420,2197,KYC_VERIFIED,2027-11-20
1421,2656,KYC_VERIFIED,2027-11-21
1422,4685,KYC_SUBMITTED,2027-11-22
1423,4660,KYC_SUBMITTED,2027-11-23
1424,4755,KYC_VERIFIED,2027-11-24
1425,4395,KYC_VERIFIED,2027-11-25
1426,302,KYC_VERIFIED,2027-11-26
1427,4784,KYC_VERIFIED,2027-11-27
1428,4061,KYC_SUBMITTED,2027-11-28
1429,1388,KYC_SUBMITTED,2027-11-29
1430,4756,KYC_VERIFIED,2027-11-30
1431,2510,KYC_VERIFIED,2027-12-01
1432,3666,KYC_VERIFIED,2027-12-02
1433,663,KYC_SUBMITTED,2027-12-03
1434,3186,KYC_SUBMITTED,2027-12-04
1435,4964,KYC_SUBMITTED,2027-12-05
1436,389,KYC_SUBMITTED,2027-12-06
1437,1699,KYC_VERIFIED,2027-12-07
1438,4776,KYC_SUBMITTED,2027-12-08
1439,1401,KYC_VERIFIED,2027-12-09
1440,2372,KYC_SUBMITTED,2027-12-10
1441,1353,KYC_VERIFIED,2027-12-11
1442,726,KYC_VERIFIED,2027-12-12
1443,492,KYC_SUBMITTED,2027-12-13
1444,3995,KYC_SUBMITTED,2027-12-14
1445,3356,KYC_VERIFIED,2027-12-15
1446,1497,KYC_VERIFIED,2027-12-16
1447,3583,KYC_VERIFIED,2027-12-17
1448,2828,KYC_SUBMITTED,2027-12-18
1449,1400,KYC_SUBMITTED,2027-12-19
1450,3029,KYC_SUBMITTED,2027-12-20
1451,3162,KYC_VERIFIED,2027-12-21
1452,446,KYC_VERIFIED,2027-12-22
1453,4029,KYC_VERIFIED,2027-12-23
1454,721,KYC_VERIFIED,2027-12-24
1455,2467,KYC_VERIFIED,2027-12-25
1456,2148,KYC_VERIFIED,2027-12-26
1457,1102,KYC_SUBMITTED,2027-12-27
1458,2120,KYC_SUBMITTED,2027-12-28
1459,1282,KYC_SUBMITTED,2027-12-29
1460,4648,KYC_SUBMITTED,2027-12-30
1461,4411,KYC_SUBMITTED,2027-12-31
1462,1874,KYC_VERIFIED,2028-01-01
1463,3503,KYC_VERIFIED,2028-01-02
1464,2865,KYC_VERIFIED,2028-01-03
1465,4037,KYC_VERIFIED,2028-01-04
1466,219,KYC_SUBMITTED,2028-01-05
1467,929,KYC_SUBMITTED,2028-01-06
1468,1097,KYC_SUBMITTED,2028-01-07
1469,2672,KYC_SUBMITTED,2028-01-08
1470,4571,KYC_VERIFIED,2028-01-09
1471,1124,KYC_SUBMITTED,2028-01-10
1472,164,KYC_SUBMITTED,2028-01-11
1473,1934,KYC_SUBMITTED,2028-01-12
1474,2377,KYC_VERIFIED,2028-01-13
1475,863,KYC_SUBMITTED,2028-01-14
1476,4064,KYC_SUBMITTED,2028-01-15
1477,2707,KYC_VERIFIED,2028-01-16
1478,1808,KYC_SUBMITTED,2028-01-17
1479,4443,KYC_SUBMITTED,2028-01-18
1480,4331,KYC_SUBMITTED,2028-01-19
1481,3741,KYC_SUBMITTED,2028-01-20
1482,1965,KYC_SUBMITTED,2028-01-21
1483,366,KYC_SUBMITTED,2028-01-22
1484,3817,KYC_SUBMITTED,2028-01-23
1485,712,KYC_VERIFIED,2028-01-24
1486,3015,KYC_VERIFIED,2028-01-25
1487,171,KYC_VERIFIED,2028-01-26
1488,4055,KYC_SUBMITTED,2028-01-27
1489,426,KYC_SUBMITTED,2028-01-28
1490,4671,KYC_VERIFIED,2028-01-29
1491,2291,KYC_VERIFIED,2028-01-30
1492,1385,KYC_SUBMITTED,2028-01-31
1493,2787,KYC_VERIFIED,2028-02-01
1494,3874,KYC_VERIFIED,2028-02-02
1495,3345,KYC_VERIFIED,2028-02-03
1496,848,KYC_VERIFIED,2028-02-04
1497,1328,KYC_VERIFIED,2028-02-05
1498,4056,KYC_SUBMITTED,2028-02-06
1499,48,KYC_SUBMITTED,2028-02-07
1500,4703,KYC_VERIFIED,2028-02-08
1501,4677,KYC_SUBMITTED,2028-02-09
1502,1312,KYC_VERIFIED,2028-02-10
1503,1191,KYC_SUBMITTED,2028-02-11
1504,3295,KYC_VERIFIED,2028-02-12
1505,2664,KYC_VERIFIED,2028-02-13
1506,3086,KYC_VERIFIED,2028-02-14
1507,4574,KYC_SUBMITTED,2028-02-15
1508,3644,KYC_SUBMITTED,2028-02-16
1509,301,KYC_SUBMITTED,2028-02-17
1510,2058,KYC_SUBMITTED,2028-02-18
1511,4228,KYC_SUBMITTED,2028-02-19
1512,4215,KYC_SUBMITTED,2028-02-20
1513,1363,KYC_VERIFIED,2028-02-21
1514,2970,KYC_SUBMITTED,2028-02-22
1515,2229,KYC_VERIFIED,2028-02-23
1516,4758,KYC_VERIFIED,2028-02-24
1517,3542,KYC_VERIFIED,2028-02-25
1518,4794,KYC_SUBMITTED,2028-02-26
1519,4216,KYC_SUBMITTED,2028-02-27
1520,3981,KYC_SUBMITTED,2028-02-28
1521,3393,KYC_VERIFIED,2028-02-29
1522,4103,KYC_SUBMITTED,2028-03-01
1523,1692,KYC_VERIFIED,2028-03-02
1524,3373,KYC_SUBMITTED,2028-03-03
1525,1952,KYC_SUBMITTED,2028-03-04
1526,1122,KYC_SUBMITTED,2028-03-05
1527,4571,KYC_SUBMITTED,2028-03-06
1528,3753,KYC_SUBMITTED,2028-03-07
1529,2946,KYC_VERIFIED,2028-03-08
1530,490,KYC_SUBMITTED,2028-03-09
1531,2126,KYC_VERIFIED,2028-03-10
1532,2742,KYC_VERIFIED,2028-03-11
1533,4212,KYC_SUBMITTED,2028-03-12
1534,4635,KYC_SUBMITTED,2028-03-13
1535,4236,KYC_VERIFIED,2028-03-14
1536,1640,KYC_SUBMITTED,2028-03-15
1537,4379,KYC_VERIFIED,2028-03-16
1538,4110,KYC_VERIFIED,2028-03-17
1539,3846,KYC_SUBMITTED,2028-03-18
1540,4374,KYC_SUBMITTED,2028-03-19
1541,995,KYC_SUBMITTED,2028-03-20
1542,331,KYC_SUBMITTED,2028-03-21
1543,1777,KYC_SUBMITTED,2028-03-22
1544,4866,KYC_VERIFIED,2028-03-23
1545,1682,KYC_VERIFIED,2028-03-24
1546,4385,KYC_VERIFIED,2028-03-25
1547,1577,KYC_VERIFIED,2028-03-26
1548,1448,KYC_VERIFIED,2028-03-27
1549,2007,KYC_SUBMITTED,2028-03-28
1550,4291,KYC_VERIFIED,2028-03-29
1551,2220,KYC_VERIFIED,2028-03-30
1552,527,KYC_SUBMITTED,2028-03-31
1553,1621,KYC_VERIFIED,2028-04-01
1554,2097,KYC_VERIFIED,2028-04-02
1555,4237,KYC_VERIFIED,2028-04-03
1556,3031,KYC_VERIFIED,2028-04-04
1557,3870,KYC_VERIFIED,2028-04-05
1558,2984,KYC_SUBMITTED,2028-04-06
1559,113,KYC_VERIFIED,2028-04-07
1560,3462,KYC_SUBMITTED,2028-04-08
1561,934,KYC_VERIFIED,2028-04-09
1562,3596,KYC_SUBMITTED,2028-04-10
1563,4846,KYC_SUBMITTED,2028-04-11
1564,2921,KYC_SUBMITTED,2028-04-12
1565,2023,KYC_SUBMITTED,2028-04-13
1566,3517,KYC_VERIFIED,2028-04-14
1567,4597,KYC_VERIFIED,2028-04-15
1568,1708,KYC_SUBMITTED,2028-04-16
1569,4631,KYC_VERIFIED,2028-04-17
1570,4164,KYC_SUBMITTED,2028-04-18
1571,969,KYC_SUBMITTED,2028-04-19
1572,4136,KYC_VERIFIED,2028-04-20
1573,2514,KYC_SUBMITTED,2028-04-21
1574,3177,KYC_VERIFIED,2028-04-22
1575,3934,KYC_VERIFIED,2028-04-23
1576,1700,KYC_VERIFIED,2028-04-24
1577,2271,KYC_VERIFIED,2028-04-25
1578,3870,KYC_VERIFIED,2028-04-26
1579,3425,KYC_SUBMITTED,2028-04-27
1580,2028,KYC_SUBMITTED,2028-04-28
1581,3997,KYC_VERIFIED,2028-04-29
1582,935,KYC_VERIFIED,2028-04-30
1583,3233,KYC_SUBMITTED,2028-05-01
1584,1399,KYC_VERIFIED,2028-05-02
1585,3932,KYC_SUBMITTED,2028-05-03
1586,2514,KYC_SUBMITTED,2028-05-04
1587,4373,KYC_SUBMITTED,2028-05-05
1588,1679,KYC_SUBMITTED,2028-05-06
1589,670,KYC_VERIFIED,2028-05-07
1590,3811,KYC_SUBMITTED,2028-05-08
1591,3203,KYC_SUBMITTED,2028-05-09
1592,2319,KYC_SUBMITTED,2028-05-10
1593,441,KYC_SUBMITTED,2028-05-11
1594,2037,KYC_VERIFIED,2028-05-12
1595,3603,KYC_SUBMITTED,2028-05-13
1596,150,KYC_SUBMITTED,2028-05-14
1597,4825,KYC_VERIFIED,2028-05-15
1598,4693,KYC_SUBMITTED,2028-05-16
1599,1860,KYC_SUBMITTED,2028-05-17
1600,1990,KYC_SUBMITTED,2028-05-18
1601,3205,KYC_VERIFIED,2028-05-19
1602,3221,KYC_VERIFIED,2028-05-20
1603,1189,KYC_VERIFIED,2028-05-21
1604,2076,KYC_SUBMITTED,2028-05-22
1605,3599,KYC_SUBMITTED,2028-05-23
1606,744,KYC_SUBMITTED,2028-05-24
1607,146,KYC_VERIFIED,2028-05-25
1608,2368,KYC_VERIFIED,2028-05-26
1609,2282,KYC_VERIFIED,2028-05-27
1610,4124,KYC_VERIFIED,2028-05-28
1611,4979,KYC_SUBMITTED,2028-05-29
1612,2095,KYC_VERIFIED,2028-05-30
1613,994,KYC_VERIFIED,2028-05-31
1614,1855,KYC_SUBMITTED,2028-06-01
1615,4249,KYC_SUBMITTED,2028-06-02
1616,4356,KYC_VERIFIED,2028-06-03
1617,1953,KYC_SUBMITTED,2028-06-04
1618,1290,KYC_SUBMITTED,2028-06-05
1619,1755,KYC_SUBMITTED,2028-06-06
1620,2901,KYC_SUBMITTED,2028-06-07
1621,1500,KYC_VERIFIED,2028-06-08
1622,4923,KYC_SUBMITTED,2028-06-09
1623,845,KYC_SUBMITTED,2028-06-10
1624,3742,KYC_VERIFIED,2028-06-11
1625,2065,KYC_SUBMITTED,2028-06-12
1626,3797,KYC_VERIFIED,2028-06-13
1627,2070,KYC_VERIFIED,2028-06-14
1628,1741,KYC_SUBMITTED,2028-06-15
1629,1112,KYC_VERIFIED,2028-06-16
1630,2422,KYC_SUBMITTED,2028-06-17
1631,2316,KYC_VERIFIED,2028-06-18
1632,3519,KYC_VERIFIED,2028-06-19
1633,4883,KYC_SUBMITTED,2028-06-20
1634,3014,KYC_VERIFIED,2028-06-21
1635,1654,KYC_VERIFIED,2028-06-22
1636,3274,KYC_SUBMITTED,2028-06-23
1637,1090,KYC_VERIFIED,2028-06-24
1638,2262,KYC_SUBMITTED,2028-06-25
1639,2124,KYC_SUBMITTED,2028-06-26
1640,1073,KYC_SUBMITTED,2028-06-27
1641,1193,KYC_SUBMITTED,2028-06-28
1642,2803,KYC_SUBMITTED,2028-06-29
1643,2367,KYC_VERIFIED,2028-06-30
1644,925,KYC_VERIFIED,2028-07-01
1645,4210,KYC_SUBMITTED,2028-07-02
1646,1193,KYC_SUBMITTED,2028-07-03
1647,2236,KYC_SUBMITTED,2028-07-04
1648,2881,KYC_SUBMITTED,2028-07-05
1649,94,KYC_VERIFIED,2028-07-06
1650,4125,KYC_SUBMITTED,2028-07-07
1651,1612,KYC_SUBMITTED,2028-07-08
1652,3490,KYC_SUBMITTED,2028-07-09
1653,462,KYC_SUBMITTED,2028-07-10
1654,930,KYC_VERIFIED,2028-07-11
1655,2633,KYC_SUBMITTED,2028-07-12
1656,2141,KYC_SUBMITTED,2028-07-13
1657,4789,KYC_VERIFIED,2028-07-14
1658,3620,KYC_SUBMITTED,2028-07-15
1659,4052,KYC_SUBMITTED,2028-07-16
1660,3875,KYC_SUBMITTED,2028-07-17
1661,1888,KYC_SUBMITTED,2028-07-18
1662,2154,KYC_SUBMITTED,2028-07-19
1663,4607,KYC_VERIFIED,2028-07-20
1664,2660,KYC_SUBMITTED,2028-07-21
1665,792,KYC_VERIFIED,2028-07-22
1666,3717,KYC_SUBMITTED,2028-07-23
1667,1393,KYC_VERIFIED,2028-07-24
1668,1803,KYC_SUBMITTED,2028-07-25
1669,3310,KYC_VERIFIED,2028-07-26
1670,777,KYC_SUBMITTED,2028-07-27
1671,3495,KYC_SUBMITTED,2028-07-28
1672,4093,KYC_SUBMITTED,2028-07-29
1673,1795,KYC_SUBMITTED,2028-07-30
1674,3435,KYC_VERIFIED,2028-07-31
1675,2770,KYC_VERIFIED,2028-08-01
1676,56,KYC_VERIFIED,2028-08-02
1677,2153,KYC_VERIFIED,2028-08-03
1678,4180,KYC_SUBMITTED,2028-08-04
1679,4165,KYC_VERIFIED,2028-08-05
1680,3917,KYC_VERIFIED,2028-08-06
1681,697,KYC_VERIFIED,2028-08-07
1682,4066,KYC_VERIFIED,2028-08-08
1683,2888,KYC_VERIFIED,2028-08-09
1684,1838,KYC_VERIFIED,2028-08-10
1685,1260,KYC_SUBMITTED,2028-08-11
1686,4067,KYC_VERIFIED,2028-08-12
1687,820,KYC_VERIFIED,2028-08-13
1688,4291,KYC_VERIFIED,2028-08-14
1689,1315,KYC_SUBMITTED,2028-08-15
1690,3188,KYC_VERIFIED,2028-08-16
1691,2505,KYC_SUBMITTED,2028-08-17
1692,219,KYC_SUBMITTED,2028-08-18
1693,4763,KYC_VERIFIED,2028-08-19
1694,1266,KYC_SUBMITTED,2028-08-20
1695,3284,KYC_VERIFIED,2028-08-21
1696,3809,KYC_VERIFIED,2028-08-22
1697,3046,KYC_VERIFIED,2028-08-23
1698,2965,KYC_SUBMITTED,2028-08-24
1699,1108,KYC_VERIFIED,2028-08-25
1700,1465,KYC_SUBMITTED,2028-08-26
1701,3762,KYC_SUBMITTED,2028-08-27
1702,926,KYC_VERIFIED,2028-08-28
1703,4339,KYC_VERIFIED,2028-08-29
1704,2369,KYC_VERIFIED,2028-08-30
1705,2302,KYC_VERIFIED,2028-08-31
1706,1707,KYC_SUBMITTED,2028-09-01
1707,4312,KYC_VERIFIED,2028-09-02
1708,2784,KYC_SUBMITTED,2028-09-03
1709,241,KYC_SUBMITTED,2028-09-04
1710,1650,KYC_VERIFIED,2028-09-05
1711,2186,KYC_VERIFIED,2028-09-06
1712,899,KYC_SUBMITTED,2028-09-07
1713,895,KYC_VERIFIED,2028-09-08
1714,3357,KYC_SUBMITTED,2028-09-09
1715,2061,KYC_SUBMITTED,2028-09-10
1716,3236,KYC_VERIFIED,2028-09-11
1717,733,KYC_VERIFIED,2028-09-12
1718,3631,KYC_VERIFIED,2028-09-13
1719,4894,KYC_VERIFIED,2028-09-14
1720,2805,KYC_VERIFIED,2028-09-15
1721,2199,KYC_VERIFIED,2028-09-16
1722,2391,KYC_VERIFIED,2028-09-17
1723,2861,KYC_VERIFIED,2028-09-18
1724,2028,KYC_SUBMITTED,2028-09-19
1725,1113,KYC_VERIFIED,2028-09-20
1726,2972,KYC_SUBMITTED,2028-09-21
1727,559,KYC_SUBMITTED,2028-09-22
1728,3711,KYC_VERIFIED,2028-09-23
1729,832,KYC_SUBMITTED,2028-09-24
1730,4712,KYC_VERIFIED,2028-09-25
1731,4238,KYC_VERIFIED,2028-09-26
1732,4758,KYC_VERIFIED,2028-09-27
1733,1815,KYC_SUBMITTED,2028-09-28
1734,4625,KYC_VERIFIED,2028-09-29
1735,3903,KYC_VERIFIED,2028-09-30
1736,1505,KYC_VERIFIED,2028-10-01
1737,1074,KYC_SUBMITTED,2028-10-02
1738,2294,KYC_VERIFIED,2028-10-03
1739,4688,KYC_VERIFIED,2028-10-04
1740,3820,KYC_VERIFIED,2028-10-05
1741,1778,KYC_VERIFIED,2028-10-06
1742,1927,KYC_VERIFIED,2028-10-07
1743,3366,KYC_VERIFIED,2028-10-08
1744,1910,KYC_VERIFIED,2028-10-09
1745,1062,KYC_VERIFIED,2028-10-10
1746,4904,KYC_SUBMITTED,2028-10-11
1747,305,KYC_SUBMITTED,2028-10-12
1748,4085,KYC_VERIFIED,2028-10-13
1749,3246,KYC_SUBMITTED,2028-10-14
1750,238,KYC_VERIFIED,2028-10-15
1751,1223,KYC_SUBMITTED,2028-10-16
1752,1508,KYC_SUBMITTED,2028-10-17
1753,139,KYC_VERIFIED,2028-10-18
1754,1154,KYC_SUBMITTED,2028-10-19
1755,2816,KYC_SUBMITTED,2028-10-20
1756,4191,KYC_SUBMITTED,2028-10-21
1757,2288,KYC_VERIFIED,2028-10-22
1758,4402,KYC_VERIFIED,2028-10-23
1759,2055,KYC_SUBMITTED,2028-10-24
1760,2456,KYC_SUBMITTED,2028-10-25
1761,201,KYC_SUBMITTED,2028-10-26
1762,1693,KYC_VERIFIED,2028-10-27
1763,3171,KYC_SUBMITTED,2028-10-28
1764,2898,KYC_SUBMITTED,2028-10-29
1765,2084,KYC_VERIFIED,2028-10-30
1766,1250,KYC_SUBMITTED,2028-10-31
1767,2337,KYC_SUBMITTED,2028-11-01
1768,1437,KYC_VERIFIED,2028-11-02
1769,4883,KYC_VERIFIED,2028-11-03
1770,4377,KYC_VERIFIED,2028-11-04
1771,3411,KYC_SUBMITTED,2028-11-05
1772,3965,KYC_VERIFIED,2028-11-06
1773,2998,KYC_VERIFIED,2028-11-07
1774,216,KYC_VERIFIED,2028-11-08
1775,44,KYC_SUBMITTED,2028-11-09
1776,574,KYC_SUBMITTED,2028-11-10
1777,1973,KYC_SUBMITTED,2028-11-11
1778,2908,KYC_VERIFIED,2028-11-12
1779,3678,KYC_SUBMITTED,2028-11-13
1780,135,KYC_VERIFIED,2028-11-14
1781,330,KYC_VERIFIED,2028-11-15
1782,2487,KYC_SUBMITTED,2028-11-16
1783,2763,KYC_SUBMITTED,2028-11-17
1784,1921,KYC_VERIFIED,2028-11-18
1785,825,KYC_SUBMITTED,2028-11-19
1786,633,KYC_VERIFIED,2028-11-20
1787,973,KYC_SUBMITTED,2028-11-21
1788,1851,KYC_VERIFIED,2028-11-22
1789,4442,KYC_VERIFIED,2028-11-23
1790,4761,KYC_VERIFIED,2028-11-24
1791,2140,KYC_SUBMITTED,2028-11-25
1792,3125,KYC_SUBMITTED,2028-11-26
1793,1739,KYC_SUBMITTED,2028-11-27
1794,416,KYC_SUBMITTED,2028-11-28
1795,4414,KYC_SUBMITTED,2028-11-29
1796,2083,KYC_SUBMITTED,2028-11-30
1797,1628,KYC_SUBMITTED,2028-12-01
1798,3084,KYC_VERIFIED,2028-12-02
1799,2571,KYC_VERIFIED,2028-12-03
1800,2876,KYC_SUBMITTED,2028-12-04
1801,3110,KYC_SUBMITTED,2028-12-05
1802,1291,KYC_SUBMITTED,2028-12-06
1803,3812,KYC_SUBMITTED,2028-12-07
1804,4467,KYC_SUBMITTED,2028-12-08
1805,2133,KYC_SUBMITTED,2028-12-09
1806,2007,KYC_SUBMITTED,2028-12-10
1807,1957,KYC_VERIFIED,2028-12-11
1808,4633,KYC_VERIFIED,2028-12-12
1809,1187,KYC_SUBMITTED,2028-12-13
1810,2667,KYC_SUBMITTED,2028-12-14
1811,1387,KYC_VERIFIED,2028-12-15
1812,4697,KYC_SUBMITTED,2028-12-16
1813,2265,KYC_SUBMITTED,2028-12-17
1814,379,KYC_SUBMITTED,2028-12-18
1815,4156,KYC_SUBMITTED,2028-12-19
1816,2402,KYC_SUBMITTED,2028-12-20
1817,2243,KYC_VERIFIED,2028-12-21
1818,2652,KYC_VERIFIED,2028-12-22
1819,430,KYC_VERIFIED,2028-12-23
1820,1246,KYC_VERIFIED,2028-12-24
1821,4423,KYC_SUBMITTED,2028-12-25
1822,2982,KYC_VERIFIED,2028-12-26
1823,3803,KYC_VERIFIED,2028-12-27
1824,44,KYC_VERIFIED,2028-12-28
1825,3398,KYC_VERIFIED,2028-12-29
1826,3179,KYC_VERIFIED,2028-12-30
1827,2277,KYC_SUBMITTED,2028-12-31
1828,1584,KYC_SUBMITTED,2029-01-01
1829,1527,KYC_VERIFIED,2029-01-02
1830,2075,KYC_VERIFIED,2029-01-03
1831,4255,KYC_SUBMITTED,2029-01-04
1832,4498,KYC_VERIFIED,2029-01-05
1833,1276,KYC_SUBMITTED,2029-01-06
1834,4742,KYC_SUBMITTED,2029-01-07
1835,2258,KYC_SUBMITTED,2029-01-08
1836,4448,KYC_VERIFIED,2029-01-09
1837,2415,KYC_VERIFIED,2029-01-10
1838,4137,KYC_VERIFIED,2029-01-11
1839,3930,KYC_VERIFIED,2029-01-12
1840,4402,KYC_VERIFIED,2029-01-13
1841,4970,KYC_SUBMITTED,2029-01-14
1842,3869,KYC_VERIFIED,2029-01-15
1843,547,KYC_SUBMITTED,2029-01-16
1844,4975,KYC_VERIFIED,2029-01-17
1845,2369,KYC_SUBMITTED,2029-01-18
1846,2131,KYC_VERIFIED,2029-01-19
1847,4427,KYC_VERIFIED,2029-01-20
1848,2001,KYC_VERIFIED,2029-01-21
1849,3183,KYC_VERIFIED,2029-01-22
1850,375,KYC_SUBMITTED,2029-01-23
1851,4982,KYC_VERIFIED,2029-01-24
1852,739,KYC_SUBMITTED,2029-01-25
1853,2583,KYC_SUBMITTED,2029-01-26
1854,4346,KYC_SUBMITTED,2029-01-27
1855,836,KYC_VERIFIED,2029-01-28
1856,2046,KYC_VERIFIED,2029-01-29
1857,3760,KYC_SUBMITTED,2029-01-30
1858,3792,KYC_SUBMITTED,2029-01-31
1859,2443,KYC_SUBMITTED,2029-02-01
1860,419,KYC_VERIFIED,2029-02-02
1861,267,KYC_SUBMITTED,2029-02-03
1862,867,KYC_SUBMITTED,2029-02-04
1863,4725,KYC_VERIFIED,2029-02-05
1864,3005,KYC_VERIFIED,2029-02-06
1865,3069,KYC_VERIFIED,2029-02-07
1866,1074,KYC_SUBMITTED,2029-02-08
1867,1831,KYC_VERIFIED,2029-02-09
1868,790,KYC_SUBMITTED,2029-02-10
1869,2532,KYC_SUBMITTED,2029-02-11
1870,2817,KYC_VERIFIED,2029-02-12
1871,2741,KYC_VERIFIED,2029-02-13
1872,462,KYC_SUBMITTED,2029-02-14
1873,2531,KYC_VERIFIED,2029-02-15
1874,4277,KYC_SUBMITTED,2029-02-16
1875,2242,KYC_VERIFIED,2029-02-17
1876,1796,KYC_SUBMITTED,2029-02-18
1877,1264,KYC_SUBMITTED,2029-02-19
1878,3389,KYC_VERIFIED,2029-02-20
1879,2204,KYC_VERIFIED,2029-02-21
1880,4740,KYC_SUBMITTED,2029-02-22
1881,2057,KYC_VERIFIED,2029-02-23
1882,3230,KYC_VERIFIED,2029-02-24
1883,1618,KYC_VERIFIED,2029-02-25
1884,2336,KYC_SUBMITTED,2029-02-26
1885,1515,KYC_SUBMITTED,2029-02-27
1886,2149,KYC_VERIFIED,2029-02-28
1887,3505,KYC_VERIFIED,2029-03-01
1888,4280,KYC_VERIFIED,2029-03-02
1889,1130,KYC_VERIFIED,2029-03-03
1890,4997,KYC_SUBMITTED,2029-03-04
1891,4977,KYC_SUBMITTED,2029-03-05
1892,2071,KYC_VERIFIED,2029-03-06
1893,1068,KYC_VERIFIED,2029-03-07
1894,3755,KYC_SUBMITTED,2029-03-08
1895,2214,KYC_SUBMITTED,2029-03-09
1896,1965,KYC_SUBMITTED,2029-03-10
1897,4401,KYC_SUBMITTED,2029-03-11
1898,1539,KYC_SUBMITTED,2029-03-12
1899,330,KYC_VERIFIED,2029-03-13
1900,2763,KYC_SUBMITTED,2029-03-14
1901,1905,KYC_VERIFIED,2029-03-15
1902,1791,KYC_VERIFIED,2029-03-16
1903,4779,KYC_SUBMITTED,2029-03-17
1904,3069,KYC_VERIFIED,2029-03-18
1905,3193,KYC_VERIFIED,2029-03-19
1906,1247,KYC_SUBMITTED,2029-03-20
1907,1522,KYC_VERIFIED,2029-03-21
1908,4138,KYC_SUBMITTED,2029-03-22
1909,4659,KYC_VERIFIED,2029-03-23
1910,1001,KYC_VERIFIED,2029-03-24
1911,1660,KYC_VERIFIED,2029-03-25
1912,1771,KYC_SUBMITTED,2029-03-26
1913,2039,KYC_SUBMITTED,2029-03-27
1914,1153,KYC_VERIFIED,2029-03-28
1915,4766,KYC_SUBMITTED,2029-03-29
1916,4204,KYC_VERIFIED,2029-03-30
1917,4922,KYC_VERIFIED,2029-03-31
1918,4537,KYC_SUBMITTED,2029-04-01
1919,3540,KYC_SUBMITTED,2029-04-02
1920,4083,KYC_SUBMITTED,2029-04-03
1921,1426,KYC_SUBMITTED,2029-04-04
1922,169,KYC_VERIFIED,2029-04-05
1923,4032,KYC_VERIFIED,2029-04-06
1924,3906,KYC_SUBMITTED,2029-04-07
1925,2854,KYC_VERIFIED,2029-04-08
1926,950,KYC_SUBMITTED,2029-04-09
1927,2449,KYC_VERIFIED,2029-04-10
1928,86,KYC_SUBMITTED,2029-04-11
1929,867,KYC_VERIFIED,2029-04-12
1930,3750,KYC_SUBMITTED,2029-04-13
1931,2339,KYC_SUBMITTED,2029-04-14
1932,3087,KYC_SUBMITTED,2029-04-15
1933,4090,KYC_VERIFIED,2029-04-16
1934,3344,KYC_VERIFIED,2029-04-17
1935,1671,KYC_VERIFIED,2029-04-18
1936,2473,KYC_SUBMITTED,2029-04-19
1937,954,KYC_SUBMITTED,2029-04-20
1938,3353,KYC_VERIFIED,2029-04-21
1939,3671,KYC_VERIFIED,2029-04-22
1940,2520,KYC_VERIFIED,2029-04-23
1941,2202,KYC_SUBMITTED,2029-04-24
1942,3821,KYC_SUBMITTED,2029-04-25
1943,1988,KYC_SUBMITTED,2029-04-26
1944,2927,KYC_VERIFIED,2029-04-27
1945,4046,KYC_SUBMITTED,2029-04-28
1946,463,KYC_SUBMITTED,2029-04-29
1947,4179,KYC_VERIFIED,2029-04-30
1948,1198,KYC_VERIFIED,2029-05-01
1949,3250,KYC_VERIFIED,2029-05-02
1950,4652,KYC_VERIFIED,2029-05-03
1951,222,KYC_SUBMITTED,2029-05-04
1952,2792,KYC_VERIFIED,2029-05-05
1953,1288,KYC_SUBMITTED,2029-05-06
1954,635,KYC_SUBMITTED,2029-05-07
1955,4414,KYC_SUBMITTED,2029-05-08
1956,2416,KYC_VERIFIED,2029-05-09
1957,3993,KYC_SUBMITTED,2029-05-10
1958,3795,KYC_SUBMITTED,2029-05-11
1959,2456,KYC_SUBMITTED,2029-05-12
1960,2197,KYC_SUBMITTED,2029-05-13
1961,3914,KYC_SUBMITTED,2029-05-14
1962,3639,KYC_VERIFIED,2029-05-15
1963,4466,KYC_VERIFIED,2029-05-16
1964,16,KYC_SUBMITTED,2029-05-17
1965,2421,KYC_SUBMITTED,2029-05-18
1966,2913,KYC_VERIFIED,2029-05-19
1967,3254,KYC_VERIFIED,2029-05-20
1968,1254,KYC_VERIFIED,2029-05-21
1969,4058,KYC_VERIFIED,2029-05-22
1970,3307,KYC_SUBMITTED,2029-05-23
1971,1243,KYC_VERIFIED,2029-05-24
1972,892,KYC_VERIFIED,2029-05-25
1973,634,KYC_VERIFIED,2029-05-26
1974,2891,KYC_VERIFIED,2029-05-27
1975,1232,KYC_VERIFIED,2029-05-28
1976,136,KYC_VERIFIED,2029-05-29
1977,1154,KYC_VERIFIED,2029-05-30
1978,3126,KYC_SUBMITTED,2029-05-31
1979,391,KYC_VERIFIED,2029-06-01
1980,1202,KYC_SUBMITTED,2029-06-02
1981,2530,KYC_SUBMITTED,2029-06-03
1982,4732,KYC_VERIFIED,2029-06-04
1983,3112,KYC_SUBMITTED,2029-06-05
1984,26,KYC_SUBMITTED,2029-06-06
1985,1185,KYC_SUBMITTED,2029-06-07
1986,3872,KYC_SUBMITTED,2029-06-08
1987,3283,KYC_VERIFIED,2029-06-09
1988,4825,KYC_VERIFIED,2029-06-10
1989,898,KYC_SUBMITTED,2029-06-11
1990,839,KYC_VERIFIED,2029-06-12
1991,1529,KYC_SUBMITTED,2029-06-13
1992,1753,KYC_VERIFIED,2029-06-14
1993,4825,KYC_VERIFIED,2029-06-15
1994,2901,KYC_SUBMITTED,2029-06-16
1995,2515,KYC_SUBMITTED,2029-06-17
1996,357,KYC_VERIFIED,2029-06-18
1997,1654,KYC_VERIFIED,2029-06-19
1998,2071,KYC_SUBMITTED,2029-06-20
1999,4245,KYC_SUBMITTED,2029-06-21
2000,3451,KYC_VERIFIED,2029-06-22
