merchant_id,name,category
1,Simmons-Edwards,RESTAURANT
2,Boone Ltd,TRAVEL
3,Stewart Ltd,RESTAURANT
4,"Deleon, Todd and Wyatt",ONLINE
5,Moore-Salas,RESTAURANT
6,Crawford-Morris,GROCERY
7,"Hogan, Shea and Gonzales",ONLINE
8,Baker-Glass,ONLINE
9,"Lucero, Wilson and Kaufman",GROCERY
10,"Page, Chan and Rodriguez",GROCERY
11,"Allen, Banks and Spencer",GROCERY
12,Coleman-Mata,GROCERY
13,Reese-Stone,GROCERY
14,Flores Inc,TRAVEL
15,Walter-Cochran,ONLINE
16,"Winters, Bailey and Nguyen",RESTAURANT
17,Rowland-Montgomery,GROCERY
18,"Collins, Smith and Mathews",TRAVEL
19,Carter PLC,GROCERY
20,"Maldonado, Hutchinson and Rodriguez",GROCERY
21,"Rangel, Reed and Johnson",GROCERY
22,"Gonzalez, Watkins and Hardin",TRAVEL
23,"Hicks, Boone and Morgan",TRAVEL
24,"Ryan, Sanchez and Lewis",RESTAURANT
25,"Bell, Stone and Hobbs",TRAVEL
26,Patton-Reyes,GROCERY
27,Dalton Inc,RESTAURANT
28,Frank LLC,RESTAURANT
29,"Barker, Andersen and Miller",TRAVEL
30,Davies PLC,GROCERY
31,"Thomas, Barnett and Williams",GROCERY
32,Arnold-Kirk,TRAVEL
33,Gonzalez-Torres,ONLINE
34,Walter PLC,TRAVEL
35,"Brown, Lee and Bullock",TRAVEL
36,Wright-Simpson,GROCERY
37,Ortega-Pearson,ONLINE
38,Weaver LLC,ONLINE
39,"Brown, Boyd and Black",ONLINE
40,Wells-Stewart,GROCERY
41,"York, Jackson and Ibarra",TRAVEL
42,"Gonzalez, Floyd and Kramer",GROCERY
43,Booker-Bailey,ONLINE
44,"Parrish, Shelton and Jones",GROCERY
45,Washington-Jimenez,RESTAURANT
46,"Larson, Williams and Johnson",TRAVEL
47,Mercado-Burton,TRAVEL
48,Harrell-Hernandez,GROCERY
49,Wiley-Palmer,ONLINE
50,Stevens-Chapman,RESTAURANT
51,"Lane, Jackson and Phillips",ONLINE
52,Obrien Inc,RESTAURANT
53,Dean Inc,RESTAURANT
54,Cooper Inc,GROCERY
55,Gray-Mann,GROCERY
56,Cooper Group,RESTAURANT
57,Knight Group,GROCERY
58,Gay Group,RESTAURANT
59,Macias-Wilson,TRAVEL
60,Steele-Rivera,TRAVEL
61,Stevens PLC,ONLINE
62,Rivera Ltd,TRAVEL
63,"Marquez, Foster and Booth",RESTAURANT
64,"Wall, Wallace and Newton",TRAVEL
65,"Weaver, Turner and Norman",RESTAURANT
66,Calderon LLC,TRAVEL
67,Phillips and Sons,ONLINE
68,Smith-Higgins,TRAVEL
69,Foster-Patton,GROCERY
70,"Reid, Larsen and Briggs",GROCERY
71,Powell Ltd,RESTAURANT
72,"House, Pace and Martin",ONLINE
73,Duffy Inc,RESTAURANT
74,"Alvarez, Mills and Allen",TRAVEL
75,Smith and Sons,GROCERY
76,Smith Group,RESTAURANT
77,Young LLC,RESTAURANT
78,Bradford PLC,TRAVEL
79,Duran and Sons,ONLINE
80,Delgado-Wells,TRAVEL
81,"Gutierrez, Sexton and Harrison",RESTAURANT
82,Holland Group,RESTAURANT
83,Lang-Wood,GROCERY
84,Mendoza-Berry,GROCERY
85,Mckinney-Ingram,GROCERY
86,"Brown, Dickerson and Lee",GROCERY
87,White-Hudson,TRAVEL
88,"Obrien, Arnold and Oliver",ONLINE
89,Juarez-Ray,RESTAURANT
90,Vasquez Ltd,TRAVEL
91,Gonzalez-Gonzales,GROCERY
92,"Mullins, Robinson and Hogan",ONLINE
93,Warner-Campbell,RESTAURANT
94,Wright-Johnson,GROCERY
95,Powell Inc,RESTAURANT
96,Middleton-Valenzuela,GROCERY
97,Wright-Lee,ONLINE
98,Hanson-Ortiz,ONLINE
99,Brooks-Salas,ONLINE
100,Davis-Malone,RESTAURANT
101,Jenkins Ltd,ONLINE
102,"Hill, Anderson and Parsons",RESTAURANT
103,"Harrison, Ramos and Ali",GROCERY
104,Cline-Jones,GROCERY
105,Singh-Murphy,ONLINE
106,Hubbard-Chapman,GROCERY
107,Austin PLC,TRAVEL
108,"Owens, Reed and Scott",GROCERY
109,"Davis, Bryant and Green",GROCERY
110,"Anderson, Watkins and Mejia",GROCERY
111,"Stanley, Johnson and Salinas",ONLINE
112,Mendoza-Schmidt,ONLINE
113,"Stevenson, Jenkins and Morris",TRAVEL
114,Snow-Jones,GROCERY
115,"Juarez, Carter and Bradford",RESTAURANT
116,"Wolf, Barker and York",ONLINE
117,West PLC,ONLINE
118,"Cohen, Fernandez and Hickman",TRAVEL
119,"Jones, Klein and Lowe",GROCERY
120,"Pope, Brown and Fowler",GROCERY
121,Hunt Group,GROCERY
122,"Sutton, Hernandez and Banks",ONLINE
123,Marquez PLC,ONLINE
124,Parker-Nguyen,ONLINE
125,Wood PLC,GROCERY
126,Pierce-Melton,RESTAURANT
127,Marquez Group,TRAVEL
128,Vance Inc,GROCERY
129,Simon-Stone,RESTAURANT
130,"Logan, Williams and Hamilton",TRAVEL
131,"Mccarthy, Greene and Morgan",TRAVEL
132,Sanders PLC,TRAVEL
133,"Holloway, Thomas and Houston",GROCERY
134,"Roman, King and Riley",ONLINE
135,"Johnson, Lara and Rios",ONLINE
136,Levine-Cole,RESTAURANT
137,Gay Inc,TRAVEL
138,"Conrad, Rogers and Robinson",TRAVEL
139,"Miller, Bell and Bryant",ONLINE
140,Wright-Prince,ONLINE
141,Moore-Fletcher,TRAVEL
142,"West, Watson and Carter",TRAVEL
143,"Villanueva, Moore and Hendricks",ONLINE
144,Kennedy-Lee,ONLINE
145,Richardson-Randall,RESTAURANT
146,"Campos, Russo and Harrington",ONLINE
147,Gibson Inc,ONLINE
148,Reed Inc,GROCERY
149,"Bryant, Clark and Garcia",TRAVEL
150,"Hayes, Salinas and Anderson",TRAVEL
151,Flores-Brennan,ONLINE
152,Reyes PLC,ONLINE
153,"Carter, Davis and Smith",ONLINE
154,"Benton, Cardenas and Gonzalez",TRAVEL
155,Wolfe Ltd,TRAVEL
156,Martin Group,ONLINE
157,Mckinney-Davis,ONLINE
158,Parker-Singleton,ONLINE
159,Bishop PLC,TRAVEL
160,Smith LLC,GROCERY
161,"Richardson, Kelly and Gonzalez",GROCERY
162,Miller-Reyes,RESTAURANT
163,"Collier, Jones and Goodwin",ONLINE
164,"Campbell, Herrera and Park",GROCERY
165,Martin-Tucker,TRAVEL
166,Garcia-Williams,ONLINE
167,Rivera Inc,GROCERY
168,"Ochoa, Tucker and Malone",TRAVEL
169,Mack-Gray,ONLINE
170,Gomez Ltd,GROCERY
171,Martinez-Bryant,ONLINE
172,"Hayes, Mason and Johnson",RESTAURANT
173,Williams-Duncan,GROCERY
174,"Jordan, Gordon and White",GROCERY
175,Dillon-Nichols,RESTAURANT
176,Gibson-White,TRAVEL
177,Rocha-Adams,ONLINE
178,Ho-Hernandez,ONLINE
179,"Watson, Simpson and Leblanc",TRAVEL
180,"Moreno, Turner and Mcdonald",GROCERY
181,"Edwards, Anderson and Mcclure",GROCERY
182,Zuniga PLC,TRAVEL
183,Robinson-Jacobson,TRAVEL
184,Rodriguez-Meza,GROCERY
185,"Rodriguez, Hernandez and Burke",GROCERY
186,Lopez LLC,ONLINE
187,Murphy LLC,GROCERY
188,Kennedy Ltd,TRAVEL
189,"Hall, Hall and Romero",ONLINE
190,Weeks-Clark,ONLINE
191,Jackson LLC,RESTAURANT
192,"Cortez, Nichols and Turner",ONLINE
193,Thompson-Schroeder,TRAVEL
194,"Anderson, Potts and Ferguson",RESTAURANT
195,Delgado-King,TRAVEL
196,Henson-Lyons,ONLINE
197,Gonzalez-Sanchez,ONLINE
198,Malone-Gamble,ONLINE
199,Henderson Ltd,RESTAURANT
200,Reed Ltd,RESTAURANT
201,Lopez-Davis,ONLINE
202,"Atkins, Johnson and Moore",TRAVEL
203,Hutchinson-Meadows,RESTAURANT
204,Berry LLC,TRAVEL
205,Wood-Miller,TRAVEL
206,Maldonado and Sons,RESTAURANT
207,Flowers-Clayton,TRAVEL
208,"Nichols, Dodson and Graves",ONLINE
209,Washington-Miller,TRAVEL
210,"Lopez, Sampson and Jones",TRAVEL
211,"Thomas, Gomez and Galloway",GROCERY
212,Ross and Sons,ONLINE
213,"Villegas, Patterson and Mcneil",RESTAURANT
214,Hall-Flores,TRAVEL
215,Fox-Reyes,RESTAURANT
216,"Sexton, Lamb and Wilson",GROCERY
217,Boyd Inc,RESTAURANT
218,Cain-Johnson,ONLINE
219,Andrews-Mccarthy,TRAVEL
220,Cannon LLC,TRAVEL
221,"Hernandez, Gill and Wilson",RESTAURANT
222,Hensley Group,RESTAURANT
223,Lewis-Gonzalez,ONLINE
224,Thomas-Castillo,GROCERY
225,Horn Group,ONLINE
226,"Mccullough, Huff and Lozano",ONLINE
227,Pham and Sons,ONLINE
228,Watson Ltd,RESTAURANT
229,Leon-Hutchinson,ONLINE
230,Lawrence LLC,GROCERY
231,Richardson PLC,ONLINE
232,Gomez LLC,TRAVEL
233,"Miller, Mack and Brooks",RESTAURANT
234,Strong-Lopez,GROCERY
235,Sullivan-Zamora,TRAVEL
236,"Mclean, Mcgee and Wood",GROCERY
237,"Edwards, Mckay and Calderon",ONLINE
238,Mullen-Guerrero,GROCERY
239,"Jenkins, Soto and Rich",ONLINE
240,George PLC,TRAVEL
241,"Anderson, Romero and Brown",GROCERY
242,Ayala Group,GROCERY
243,"Davis, Hall and Cruz",GROCERY
244,Cook-Smith,GROCERY
245,Russo-Schmidt,TRAVEL
246,Jackson-Austin,ONLINE
247,Meza-Brennan,RESTAURANT
248,"Brown, Rivera and Williams",ONLINE
249,"Taylor, Wolfe and Rodgers",RESTAURANT
250,Bond-Perry,GROCERY
251,Lee Group,TRAVEL
252,"Hernandez, Clements and Ware",TRAVEL
253,"Jones, Hunter and Parrish",RESTAURANT
254,Brown Inc,GROCERY
255,"Wheeler, Perry and Poole",GROCERY
256,Mathews-Nichols,RESTAURANT
257,"Watson, Juarez and Arnold",ONLINE
258,Walker-Acosta,RESTAURANT
259,Leon-Parker,GROCERY
260,Herrera LLC,RESTAURANT
261,Townsend Group,RESTAURANT
262,"Smith, Mcgee and Cooper",RESTAURANT
263,Hicks-Maxwell,RESTAURANT
264,Walsh-Morgan,GROCERY
265,Sexton-Newton,ONLINE
266,"Mason, Jones and Malone",TRAVEL
267,"Haley, Fisher and Dickerson",RESTAURANT
268,"Blevins, Reyes and Li",GROCERY
269,Grimes-Torres,ONLINE
270,Evans and Sons,GROCERY
271,Ramirez Ltd,GROCERY
272,Collins LLC,ONLINE
273,Perez-Odonnell,GROCERY
274,"Thomas, Fowler and Washington",GROCERY
275,"Hernandez, Ho and Owens",GROCERY
276,"Dixon, Jacobs and Ayers",ONLINE
277,"Daniel, Miller and Morales",GROCERY
278,"Chen, Ramsey and Serrano",RESTAURANT
279,Moore and Sons,TRAVEL
280,Morris-Richards,GROCERY
281,Robertson-Glover,RESTAURANT
282,Weaver-Conner,ONLINE
283,Tate and Sons,GROCERY
284,Banks LLC,ONLINE
285,"Stephenson, Howell and Brown",TRAVEL
286,Green PLC,GROCERY
287,"Burch, Perez and Li",ONLINE
288,Sawyer Ltd,TRAVEL
289,Martinez LLC,ONLINE
290,"Boyd, Benjamin and Nicholson",TRAVEL
291,Henry-Lawrence,ONLINE
292,Hamilton-Lopez,ONLINE
293,Solis-Murphy,TRAVEL
294,Robinson-Alvarado,TRAVEL
295,"Walker, Dodson and Horn",RESTAURANT
296,Smith Group,RESTAURANT
297,"Doyle, Johnston and Rhodes",ONLINE
298,"Schwartz, Cruz and Ramos",TRAVEL
299,"Hernandez, Lynn and Archer",TRAVEL
300,Long Group,TRAVEL
301,"Jordan, Thompson and Johnson",GROCERY
302,Levine-Lee,GROCERY
303,"Williamson, Payne and Mitchell",TRAVEL
304,Lopez Inc,TRAVEL
305,Hill-Carter,TRAVEL
306,"Miller, Howard and Valencia",GROCERY
307,Butler and Sons,ONLINE
308,Ward and Sons,ONLINE
309,"Brown, Greene and Beltran",ONLINE
310,Price-Fernandez,GROCERY
311,Davila LLC,GROCERY
312,Mills-Wells,RESTAURANT
313,Wolf Group,ONLINE
314,Lewis Inc,ONLINE
315,"Neal, Duncan and Flores",GROCERY
316,"Boyd, White and Williams",RESTAURANT
317,Smith PLC,GROCERY
318,Rasmussen-Powell,ONLINE
319,"Meza, Mckenzie and Horne",ONLINE
320,Sexton LLC,GROCERY
321,Reed Inc,ONLINE
322,"Flores, Johnson and Williams",ONLINE
323,Weaver-Arias,TRAVEL
324,Castillo Group,TRAVEL
325,Williams Group,TRAVEL
326,Moore-White,ONLINE
327,Schroeder-Howard,ONLINE
328,Perez-Johnson,RESTAURANT
329,Kelly Ltd,GROCERY
330,Jordan Inc,TRAVEL
331,"Martin, Bishop and Davila",TRAVEL
332,Gamble-Woodard,ONLINE
333,"Copeland, Quinn and Willis",ONLINE
334,Edwards-Edwards,GROCERY
335,Farmer Group,ONLINE
336,Parker-Clarke,ONLINE
337,"Higgins, Hansen and Greer",RESTAURANT
338,Guzman LLC,GROCERY
339,"Marquez, Baker and Brown",RESTAURANT
340,Skinner Ltd,TRAVEL
341,Allen LLC,GROCERY
342,Hess-Luna,GROCERY
343,Buchanan and Sons,GROCERY
344,Rose-Richards,ONLINE
345,Calhoun-Phillips,RESTAURANT
346,"Evans, Brown and Duffy",GROCERY
347,"Mccoy, Bean and Silva",ONLINE
348,Mcguire-Goodwin,GROCERY
349,Clark-Anderson,RESTAURANT
350,"Fuller, Miller and Hayes",RESTAURANT
351,Simpson-Wells,ONLINE
352,"Webb, Espinoza and Burch",ONLINE
353,Smith-Kirk,GROCERY
354,Jones-Hughes,GROCERY
355,"Lang, Jones and Ferguson",RESTAURANT
356,Washington-Sanchez,RESTAURANT
357,Macias and Sons,TRAVEL
358,"Daniels, Whitaker and Petersen",TRAVEL
359,King Group,RESTAURANT
360,"Olsen, Warren and Scott",TRAVEL
361,"Hernandez, Martinez and Harmon",ONLINE
362,"Collins, Deleon and Werner",TRAVEL
363,Ibarra and Sons,ONLINE
364,Rodriguez LLC,GROCERY
365,Kerr and Sons,RESTAURANT
366,Espinoza-Anderson,RESTAURANT
367,"Mccall, Mata and Olson",ONLINE
368,"Robinson, Freeman and Thompson",GROCERY
369,"Payne, Daniel and Allen",GROCERY
370,Oconnor-Graves,TRAVEL
371,Flores-Zuniga,TRAVEL
372,"Meadows, Harper and Dudley",GROCERY
373,Levy-Miller,RESTAURANT
374,Brown PLC,GROCERY
375,Elliott-Brown,TRAVEL
376,"Liu, Krause and Garrison",ONLINE
377,Bates-Lucas,TRAVEL
378,Harvey-Brown,RESTAURANT
379,Burnett-Garrison,RESTAURANT
380,Brown LLC,ONLINE
381,Nelson-Hayes,ONLINE
382,Richardson-Lang,ONLINE
383,Porter-Ford,ONLINE
384,Thompson-Tran,ONLINE
385,"Weber, Salazar and Pope",ONLINE
386,Hernandez-Wilcox,RESTAURANT
387,Velasquez-Whitaker,RESTAURANT
388,Hurst-Leblanc,RESTAURANT
389,Murphy PLC,GROCERY
390,Newton-Gonzalez,GROCERY
391,"Cardenas, Meyers and Bryant",TRAVEL
392,Bonilla PLC,RESTAURANT
393,"Powers, Harris and Randall",ONLINE
394,Cruz-Clements,RESTAURANT
395,Thompson-Conrad,GROCERY
396,Kaiser PLC,TRAVEL
397,Fisher LLC,GROCERY
398,Edwards-Hernandez,GROCERY
399,Brewer PLC,TRAVEL
400,"Banks, Smith and Harmon",TRAVEL
401,"White, Thornton and Day",RESTAURANT
402,Smith and Sons,GROCERY
403,James Inc,RESTAURANT
404,"Ryan, Brown and Holloway",TRAVEL
405,Freeman Ltd,GROCERY
406,Webster-Vasquez,RESTAURANT
407,Stewart-Newton,GROCERY
408,Wright LLC,TRAVEL
409,Hickman-Gillespie,GROCERY
410,Thomas PLC,RESTAURANT
411,Bowen-Miranda,RESTAURANT
412,Ramos-Huber,RESTAURANT
413,Reese-Deleon,RESTAURANT
414,"Avila, Jenkins and Burton",TRAVEL
415,Burns Inc,TRAVEL
416,"Hunter, Kaiser and Morgan",GROCERY
417,Pitts-Ortiz,GROCERY
418,Dean-Jackson,GROCERY
419,"Lyons, Parks and Woodward",TRAVEL
420,"Perry, Barnett and Davis",TRAVEL
421,"Lamb, Hoffman and Singh",TRAVEL
422,Ramirez and Sons,TRAVEL
423,"Chavez, Clark and Lee",RESTAURANT
424,Lozano-Friedman,RESTAURANT
425,Brock LLC,TRAVEL
426,Rodriguez PLC,TRAVEL
427,"Benjamin, Graham and Jenkins",TRAVEL
428,Larson-Ferguson,RESTAURANT
429,Gibson LLC,TRAVEL
430,"Alexander, Hernandez and Davis",GROCERY
431,Williams Inc,GROCERY
432,Wilson Group,GROCERY
433,"Beck, Cervantes and Martinez",RESTAURANT
434,Oneill Inc,ONLINE
435,"Hernandez, Stanton and White",GROCERY
436,Lee Group,RESTAURANT
437,Mcclain Inc,GROCERY
438,"Lin, Gibson and Wiggins",RESTAURANT
439,Hebert LLC,ONLINE
440,Barnes Group,TRAVEL
441,Thompson Group,ONLINE
442,Martin-Valdez,TRAVEL
443,Smith and Sons,ONLINE
444,"Jones, Haney and Lowe",RESTAURANT
445,Cooper LLC,RESTAURANT
446,Taylor and Sons,RESTAURANT
447,Watkins-Howard,GROCERY
448,Huff Ltd,GROCERY
449,"Gonzales, Barry and Lin",ONLINE
450,Montgomery Group,GROCERY
451,Wise-Stevens,GROCERY
452,"Barber, Walker and Ochoa",RESTAURANT
453,"Smith, Everett and Bentley",TRAVEL
454,"Delacruz, Allen and Mosley",TRAVEL
455,Gilbert Ltd,TRAVEL
456,Rodriguez LLC,GROCERY
457,Ramos Ltd,GROCERY
458,Flowers-Harris,RESTAURANT
459,Mosley and Sons,RESTAURANT
460,Gonzalez Inc,RESTAURANT
461,"Cox, May and Ramirez",ONLINE
462,"Parker, Gonzalez and Jones",GROCERY
463,Jones Ltd,TRAVEL
464,"Williams, Smith and Jenkins",ONLINE
465,Finley Ltd,RESTAURANT
466,"Roman, Bates and Clark",ONLINE
467,Smith Inc,RESTAURANT
468,Webster LLC,RESTAURANT
469,Rose-Underwood,TRAVEL
470,Howard-Bowman,GROCERY
471,Nelson-Johnston,GROCERY
472,Smith-Alexander,TRAVEL
473,Payne-Mitchell,ONLINE
474,Johnson-Santos,TRAVEL
475,"Arellano, Conley and Parks",RESTAURANT
476,"Day, Haney and Hughes",TRAVEL
477,Russell-Thomas,RESTAURANT
478,White LLC,ONLINE
479,"Ford, Holland and Daniels",ONLINE
480,Mckinney-Estrada,ONLINE
481,Vasquez-Garcia,ONLINE
482,"Garcia, Johnson and Hodges",ONLINE
483,Howell-Brooks,RESTAURANT
484,Schaefer-Floyd,RESTAURANT
485,Norton PLC,GROCERY
486,Smith LLC,RESTAURANT
487,Jones LLC,RESTAURANT
488,Burch-Perez,RESTAURANT
489,Moran-Day,GROCERY
490,Mitchell-Ballard,RESTAURANT
491,"Cruz, Castillo and Riley",GROCERY
492,Howard-Mills,RESTAURANT
493,"Wilcox, Hancock and Garcia",RESTAURANT
494,Holder-Ball,RESTAURANT
495,Gonzalez and Sons,ONLINE
496,Dougherty-Coleman,GROCERY
497,Burgess-Murillo,ONLINE
498,Rivera Ltd,RESTAURANT
499,"Henry, Bradford and Moran",ONLINE
500,Jackson-Goodwin,TRAVEL
